time,open,high,low,close,volume,vw
2020-01-02 00:00:00-05:00,392.86,399.37,390.95,399.37,1407703,396.879682
2020-01-03 00:00:00-05:00,404.0,417.17,403.0,413.74,3181495,412.68525
2020-01-06 00:00:00-05:00,417.99,417.99,407.69,413.11,2806211,412.294104
2020-01-07 00:00:00-05:00,411.25,416.12,408.29,414.5,1211583,413.740035
2020-01-08 00:00:00-05:00,417.06,418.1803,409.72,411.03,1930665,412.732239
2020-01-09 00:00:00-05:00,410.49,416.0,410.0,414.93,1217747,414.251329
2020-01-10 00:00:00-05:00,415.0,415.6,412.48,413.83,1112815,413.85318
2020-01-13 00:00:00-05:00,415.19,420.96,414.6601,419.02,1057002,418.364885
2020-01-14 00:00:00-05:00,418.27,418.27,415.0669,416.14,1125284,416.07162
2020-01-15 00:00:00-05:00,416.14,421.48,416.14,420.95,923292,420.272768
2020-01-16 00:00:00-05:00,422.95,425.74,420.67,425.7,1256122,424.458513
2020-01-17 00:00:00-05:00,426.61,427.54,424.5,425.66,1390642,426.02562
2020-01-21 00:00:00-05:00,424.4,427.78,423.01,426.15,1212136,426.166081
2020-01-22 00:00:00-05:00,427.5,428.4976,424.36,424.42,1036761,425.476389
2020-01-23 00:00:00-05:00,424.06,429.56,424.0,428.78,1070687,428.137532
2020-01-24 00:00:00-05:00,429.9,433.522,429.69,432.5,1237604,431.999285
2020-01-27 00:00:00-05:00,425.86,434.45,425.86,432.38,1999364,431.106603
2020-01-28 00:00:00-05:00,434.77,438.99,426.27,437.17,2225939,435.752924
2020-01-29 00:00:00-05:00,437.72,437.99,431.02,433.84,1374401,434.90844
2020-01-30 00:00:00-05:00,430.3435,437.0,430.34,435.9,1310187,434.461277
2020-01-31 00:00:00-05:00,434.93,435.57,426.1,428.12,1888046,429.32428
2020-02-03 00:00:00-05:00,429.52,430.0,422.04,423.86,2064429,425.131386
2020-02-04 00:00:00-05:00,425.46,431.99,425.46,430.78,1385299,430.331588
2020-02-05 00:00:00-05:00,433.15,435.92,429.02,435.19,1393251,433.162696
2020-02-06 00:00:00-05:00,435.56,439.86,434.9131,438.97,943895,438.15012
2020-02-07 00:00:00-05:00,438.14,441.21,437.29,439.17,1018276,439.260666
2020-02-10 00:00:00-05:00,439.0,441.52,437.82,439.76,1025467,439.742556
2020-02-11 00:00:00-05:00,441.36,442.5322,437.47,439.85,794434,439.648315
2020-02-12 00:00:00-05:00,439.01,439.69,434.6,436.6,1560088,436.462347
2020-02-13 00:00:00-05:00,435.8,439.29,434.3,434.7,888555,435.586945
2020-02-14 00:00:00-05:00,434.98,438.47,434.31,437.85,1102526,437.295048
2020-02-18 00:00:00-05:00,437.0,438.95,434.01,435.55,918987,435.675215
2020-02-19 00:00:00-05:00,437.0,438.27,434.4,434.48,878811,435.850102
2020-02-20 00:00:00-05:00,433.63,434.99,424.1562,425.97,1290940,427.169682
2020-02-21 00:00:00-05:00,425.12,428.72,422.66,427.8,1278860,427.161398
2020-02-24 00:00:00-05:00,419.65,424.2,418.1,419.35,1219708,420.724918
2020-02-25 00:00:00-05:00,420.1,421.73,397.53,400.36,1752598,404.898517
2020-02-26 00:00:00-05:00,401.5,410.52,399.34,400.9,1845412,403.402881
2020-02-27 00:00:00-05:00,393.52,399.01,384.33,384.6,2073913,390.39857
2020-02-28 00:00:00-05:00,369.86,373.82,360.34,369.87,3794518,367.320798
2020-03-02 00:00:00-05:00,371.35,383.1,360.57,381.35,3109500,372.962595
2020-03-03 00:00:00-05:00,384.84,396.9,376.59,377.4,2894944,381.904779
2020-03-04 00:00:00-05:00,385.42,402.96,383.185,402.03,2207878,396.217663
2020-03-05 00:00:00-05:00,393.92,397.85,382.22,384.7,2176738,387.290945
2020-03-06 00:00:00-05:00,372.09,384.95,368.4631,382.47,2338354,376.699664
2020-03-09 00:00:00-04:00,359.98,369.47,351.27,352.03,3334419,358.16482
2020-03-10 00:00:00-04:00,363.01,367.67,350.6,367.17,2658587,360.172599
2020-03-11 00:00:00-04:00,356.57,365.89,349.79,356.93,2110714,358.430133
2020-03-12 00:00:00-04:00,322.0,339.42,310.08,311.38,4096657,321.390317
2020-03-13 00:00:00-04:00,327.33,329.16,303.1,328.59,4127880,316.647945
2020-03-16 00:00:00-04:00,295.01,311.5615,285.0,287.94,2530308,295.705689
2020-03-17 00:00:00-04:00,293.0,319.47,287.15,318.83,2758290,304.883689
2020-03-18 00:00:00-04:00,296.92,339.23,296.04,333.41,3767015,319.960395
2020-03-19 00:00:00-04:00,333.41,334.1,311.205,314.2,3112966,317.086599
2020-03-20 00:00:00-04:00,314.2,315.84,288.21,291.22,3341818,299.448156
2020-03-23 00:00:00-04:00,285.0,287.06,266.11,276.8,3300649,276.338187
2020-03-24 00:00:00-04:00,289.06,294.99,280.241,288.91,3509549,288.885479
2020-03-25 00:00:00-04:00,300.0,329.82,293.61,319.67,3157975,315.456298
2020-03-26 00:00:00-04:00,324.15,352.1,324.0116,350.33,2896047,344.163278
2020-03-27 00:00:00-04:00,339.99,365.09,335.01,348.38,4376213,349.011952
2020-03-30 00:00:00-04:00,351.49,356.48,342.2794,348.85,1854033,348.314471
2020-03-31 00:00:00-04:00,344.81,346.9173,336.24,338.95,2558751,340.365468
2020-04-01 00:00:00-04:00,324.83,340.99,322.0101,338.52,2283658,334.056328
2020-04-02 00:00:00-04:00,335.25,354.0,334.545,353.96,2041827,348.186492
2020-04-03 00:00:00-04:00,352.0,355.84,349.61,350.5,2475766,351.253071
2020-04-06 00:00:00-04:00,362.0,369.95,361.91,367.95,3054371,367.395229
2020-04-07 00:00:00-04:00,380.5,381.9,354.05,355.28,2278798,365.972711
2020-04-08 00:00:00-04:00,361.37,372.65,358.59,361.41,1570823,364.491746
2020-04-09 00:00:00-04:00,370.0,376.325,363.52,371.0,1734090,371.438412
2020-04-13 00:00:00-04:00,370.95,373.9899,365.71,369.94,1365055,369.758294
2020-04-14 00:00:00-04:00,378.29,386.58,374.5509,380.03,1842923,380.075231
2020-04-15 00:00:00-04:00,376.75,376.75,367.36,374.38,1367264,373.117708
2020-04-16 00:00:00-04:00,373.61,381.295,372.5001,377.88,1958903,377.721893
2020-04-17 00:00:00-04:00,387.42,402.45,384.83,401.51,1985106,396.199242
2020-04-20 00:00:00-04:00,394.08,399.968,383.21,383.21,1590025,390.313257
2020-04-21 00:00:00-04:00,383.01,392.54,371.01,373.44,2173251,377.372446
2020-04-22 00:00:00-04:00,383.49,383.94,375.328,380.4,1293425,379.695906
2020-04-23 00:00:00-04:00,382.75,384.8671,376.185,376.73,1247210,379.635183
2020-04-24 00:00:00-04:00,378.72,384.057,372.9798,381.77,1112767,380.232022
2020-04-27 00:00:00-04:00,383.91,384.04,378.0,378.57,1575074,381.05124
2020-04-28 00:00:00-04:00,381.86,387.83,380.42,384.73,1375892,383.992021
2020-04-29 00:00:00-04:00,388.16,393.506,379.5,387.91,1621530,386.421131
2020-04-30 00:00:00-04:00,383.1,391.44,380.44,389.06,1518196,388.098533
2020-05-01 00:00:00-04:00,385.64,387.41,381.09,383.47,1012313,383.636826
2020-05-04 00:00:00-04:00,382.0,382.97,374.13,380.16,1203068,378.206797
2020-05-05 00:00:00-04:00,382.41,392.78,381.59,390.3,1337431,389.924879
2020-05-06 00:00:00-04:00,390.89,390.89,378.41,378.58,1148127,382.790784
2020-05-07 00:00:00-04:00,383.01,384.13,376.0,376.54,1570824,379.111876
2020-05-08 00:00:00-04:00,378.03,381.13,376.25,378.4,1248081,378.691426
2020-05-11 00:00:00-04:00,375.0,379.5,374.14,376.56,1396708,377.164206
2020-05-12 00:00:00-04:00,378.0,382.44,371.03,371.11,1538331,376.078949
2020-05-13 00:00:00-04:00,371.28,372.46,362.01,364.18,1381005,365.268426
2020-05-14 00:00:00-04:00,360.99,361.54,352.26,356.28,1920984,355.14651
2020-05-15 00:00:00-04:00,352.53,361.51,352.32,360.4,2453589,359.539083
2020-05-18 00:00:00-04:00,371.21,380.4921,366.02,377.54,2130134,375.175902
2020-05-19 00:00:00-04:00,378.0,382.46,371.24,371.48,1160290,376.660359
2020-05-20 00:00:00-04:00,372.44,374.0,362.11,362.51,2048074,365.726783
2020-05-21 00:00:00-04:00,362.69,370.025,362.6,368.82,1259479,367.449038
2020-05-22 00:00:00-04:00,369.86,370.1595,365.62,369.0,833940,368.44448
2020-05-26 00:00:00-04:00,376.95,376.95,370.57,372.2,1843644,373.343932
2020-05-27 00:00:00-04:00,376.78,397.12,376.575,397.12,2106062,390.934277
2020-05-28 00:00:00-04:00,401.46,404.2619,398.16,398.44,1598421,400.813933
2020-05-29 00:00:00-04:00,396.04,396.235,384.77,388.44,1893297,388.554868
2020-06-01 00:00:00-04:00,388.94,394.0,387.31,388.96,1182720,389.623743
2020-06-02 00:00:00-04:00,388.64,393.23,386.99,389.77,1595550,389.772917
2020-06-03 00:00:00-04:00,393.65,403.6,392.59,402.63,1502416,399.769605
2020-06-04 00:00:00-04:00,401.78,404.8697,399.0,403.67,1400508,402.313735
2020-06-05 00:00:00-04:00,410.0,416.0,406.45,410.75,1890488,411.243237
2020-06-08 00:00:00-04:00,415.0,417.62,411.745,414.3,1436248,414.597497
2020-06-09 00:00:00-04:00,410.53,411.94,407.0,408.56,1297043,409.134959
2020-06-10 00:00:00-04:00,406.5,409.095,403.4503,403.77,1286856,405.657374
2020-06-11 00:00:00-04:00,391.5,397.31,383.57,383.88,1874143,388.987367
2020-06-12 00:00:00-04:00,393.33,394.425,376.47,381.87,1898278,383.415574
2020-06-15 00:00:00-04:00,373.28,377.1525,367.5501,373.28,2408751,372.441084
2020-06-16 00:00:00-04:00,386.56,391.79,379.58,382.77,2158358,384.450603
2020-06-17 00:00:00-04:00,382.5,386.235,376.92,382.11,1692611,382.530759
2020-06-18 00:00:00-04:00,379.68,381.32,376.07,378.39,1799478,378.612453
2020-06-19 00:00:00-04:00,383.36,383.59,372.0,372.2,6647582,373.340426
2020-06-22 00:00:00-04:00,372.27,376.84,370.44,375.96,1531676,374.611269
2020-06-23 00:00:00-04:00,378.2,378.78,371.0375,371.7,1592416,372.591013
2020-06-24 00:00:00-04:00,370.9,371.23,358.32,359.82,2555708,361.660017
2020-06-25 00:00:00-04:00,358.02,363.31,353.33,362.82,1493706,359.667379
2020-06-26 00:00:00-04:00,359.56,367.42,355.01,356.76,2416321,358.004236
2020-06-29 00:00:00-04:00,360.0,367.5,359.49,367.5,1168030,365.673458
2020-06-30 00:00:00-04:00,365.35,367.25,362.41,364.92,1757377,364.588765
2020-07-01 00:00:00-04:00,366.34,368.29,360.31,360.42,1519319,362.872532
2020-07-02 00:00:00-04:00,363.53,366.0699,360.69,362.0,1596126,362.742778
2020-07-06 00:00:00-04:00,366.48,367.115,360.84,362.59,1344176,362.933999
2020-07-07 00:00:00-04:00,362.59,362.9225,352.78,353.27,1514564,356.415178
2020-07-08 00:00:00-04:00,353.5,357.3,348.63,350.23,2162487,350.98714
2020-07-09 00:00:00-04:00,348.0,349.485,339.18,339.96,2017924,341.715973
2020-07-10 00:00:00-04:00,342.33,349.33,341.66,349.25,1591976,347.161159
2020-07-13 00:00:00-04:00,353.6,357.02,348.6006,353.06,2169255,353.452214
2020-07-14 00:00:00-04:00,349.0,355.92,349.0,355.66,1754725,352.973261
2020-07-15 00:00:00-04:00,361.64,365.58,360.56,364.56,1853003,363.924315
2020-07-16 00:00:00-04:00,362.3,365.94,359.02,365.88,1017520,364.135493
2020-07-17 00:00:00-04:00,366.3,369.0,362.85,368.5,1286300,367.244015
2020-07-20 00:00:00-04:00,369.0,369.0,362.427,365.53,1584658,366.10376
2020-07-21 00:00:00-04:00,377.98,378.9,370.58,375.12,2116339,374.932047
2020-07-22 00:00:00-04:00,376.71,394.67,375.6159,394.08,2366358,389.04002
2020-07-23 00:00:00-04:00,393.77,394.15,385.71,387.62,1556304,389.754158
2020-07-24 00:00:00-04:00,388.0,393.49,383.61,386.21,1443820,386.822654
2020-07-27 00:00:00-04:00,384.73,385.99,380.11,382.09,1104505,381.943302
2020-07-28 00:00:00-04:00,382.1,390.21,382.0,386.66,1196602,387.665999
2020-07-29 00:00:00-04:00,389.56,390.4701,384.63,387.3,1406757,387.431978
2020-07-30 00:00:00-04:00,382.71,385.844,380.86,381.72,1043490,382.924416
2020-07-31 00:00:00-04:00,380.55,381.37,373.675,378.97,1273178,377.698634
2020-08-03 00:00:00-04:00,376.84,378.41,371.44,377.1,986473,376.508011
2020-08-04 00:00:00-04:00,378.82,380.8424,376.29,377.99,997834,378.137698
2020-08-05 00:00:00-04:00,380.0,384.87,378.27,383.5,1082125,382.722421
2020-08-06 00:00:00-04:00,381.78,383.19,378.09,379.74,745769,379.852258
2020-08-07 00:00:00-04:00,380.01,386.66,378.76,385.62,992542,384.097646
2020-08-10 00:00:00-04:00,386.02,391.11,385.96,389.26,914492,389.076372
2020-08-11 00:00:00-04:00,391.51,399.49,391.33,391.96,1369230,395.172681
2020-08-12 00:00:00-04:00,394.02,396.52,391.29,392.44,955267,393.295572
2020-08-13 00:00:00-04:00,390.57,394.05,387.0,389.24,1160656,390.066338
2020-08-14 00:00:00-04:00,388.64,394.2,388.02,391.42,711501,391.466216
2020-08-17 00:00:00-04:00,393.98,395.19,387.73,388.96,1007793,389.811719
2020-08-18 00:00:00-04:00,389.17,391.91,388.3434,390.26,922934,390.09806
2020-08-19 00:00:00-04:00,390.08,391.97,388.84,390.05,865565,390.26744
2020-08-20 00:00:00-04:00,388.28,389.2,383.577,387.88,1342187,386.685012
2020-08-21 00:00:00-04:00,387.71,390.79,386.8596,389.57,1332788,389.167391
2020-08-24 00:00:00-04:00,390.83,395.57,389.9,395.04,1123337,393.958207
2020-08-25 00:00:00-04:00,395.72,402.375,392.4,394.84,1056445,395.033294
2020-08-26 00:00:00-04:00,393.0,397.66,390.56,395.44,998200,394.838188
2020-08-27 00:00:00-04:00,396.84,400.085,394.88,395.02,818053,395.985559
2020-08-28 00:00:00-04:00,395.51,396.0,391.73,395.59,802939,394.303526
2020-08-31 00:00:00-04:00,392.17,395.0,388.47,390.26,1236077,390.359493
2020-09-01 00:00:00-04:00,387.82,389.185,385.0,386.81,969792,386.845902
2020-09-02 00:00:00-04:00,385.15,398.9,384.11,398.07,1312218,394.530604
2020-09-03 00:00:00-04:00,399.5,401.8755,383.38,386.29,1718034,388.639285
2020-09-04 00:00:00-04:00,388.51,391.55,379.58,385.02,1026503,385.150145
2020-09-08 00:00:00-04:00,383.99,385.285,378.36,380.23,1186615,381.178265
2020-09-09 00:00:00-04:00,382.69,389.42,381.0101,385.24,1484141,385.37128
2020-09-10 00:00:00-04:00,386.02,388.5323,378.33,379.11,797605,381.307854
2020-09-11 00:00:00-04:00,381.47,390.4999,380.75,389.45,1023523,387.880029
2020-09-14 00:00:00-04:00,393.37,396.67,391.62,393.75,1083606,394.135207
2020-09-15 00:00:00-04:00,395.65,396.0,386.89,392.55,1079442,392.126789
2020-09-16 00:00:00-04:00,391.11,399.6,390.93,395.58,1311932,395.838607
2020-09-17 00:00:00-04:00,392.0,398.55,389.54,395.94,1067431,395.998735
2020-09-18 00:00:00-04:00,394.15,399.0,394.15,395.14,3860404,395.384583
2020-09-21 00:00:00-04:00,388.5,389.8658,377.23,379.61,1591738,380.124474
2020-09-22 00:00:00-04:00,381.88,392.48,381.3443,388.42,1503904,387.916546
2020-09-23 00:00:00-04:00,389.23,394.4271,381.99,383.24,1426235,386.386738
2020-09-24 00:00:00-04:00,383.25,384.49,375.095,378.76,1501494,379.425903
2020-09-25 00:00:00-04:00,377.45,388.4,376.45,386.7,1474744,383.587452
2020-09-28 00:00:00-04:00,390.0,396.61,389.65,390.51,1078082,392.084057
2020-09-29 00:00:00-04:00,389.61,393.15,387.51,388.74,1330026,389.355277
2020-09-30 00:00:00-04:00,389.47,389.76,380.51,383.28,1719533,384.425738
2020-10-01 00:00:00-04:00,384.0,390.0,379.0,380.89,1190736,382.325473
2020-10-02 00:00:00-04:00,375.99,383.4766,374.28,380.58,1295545,379.26405
2020-10-05 00:00:00-04:00,383.24,385.8891,378.86,383.96,909764,383.102561
2020-10-06 00:00:00-04:00,386.03,386.11,376.02,376.46,1046249,380.14217
2020-10-07 00:00:00-04:00,378.6,383.84,378.56,382.94,920351,381.797374
2020-10-08 00:00:00-04:00,383.9,389.19,382.2784,388.59,790663,387.347917
2020-10-09 00:00:00-04:00,388.41,390.1,385.29,385.93,747468,386.700624
2020-10-12 00:00:00-04:00,386.0,390.51,383.26,388.92,910630,388.678139
2020-10-13 00:00:00-04:00,386.14,390.56,385.12,388.95,1054670,388.481766
2020-10-14 00:00:00-04:00,387.14,395.46,387.14,390.72,1193842,392.036061
2020-10-15 00:00:00-04:00,387.31,388.87,383.22,386.12,862476,385.698923
2020-10-16 00:00:00-04:00,388.49,389.78,386.09,386.5,1185761,387.129996
2020-10-19 00:00:00-04:00,387.24,389.6,381.671,383.71,1342951,384.85618
2020-10-20 00:00:00-04:00,383.0,385.79,371.8,372.21,1867390,376.435808
2020-10-21 00:00:00-04:00,372.59,375.0,365.0,367.14,2112473,368.057721
2020-10-22 00:00:00-04:00,367.5,371.11,365.15,368.96,1325798,368.638985
2020-10-23 00:00:00-04:00,371.34,376.19,369.01,374.33,1273570,373.002264
2020-10-26 00:00:00-04:00,369.43,369.87,362.5016,368.55,1502729,366.633431
2020-10-27 00:00:00-04:00,367.09,367.98,360.805,362.43,1040435,363.120449
2020-10-28 00:00:00-04:00,356.87,360.0,350.45,350.86,1809179,354.190963
2020-10-29 00:00:00-04:00,350.0,356.225,348.29,352.44,1679555,351.79475
2020-10-30 00:00:00-04:00,350.64,353.73,345.65,350.13,1419016,348.830974
2020-11-02 00:00:00-05:00,356.12,359.91,350.72,352.42,1834646,353.848727
2020-11-03 00:00:00-05:00,357.13,366.2,356.21,363.44,1570560,363.520653
2020-11-04 00:00:00-05:00,371.07,381.46,369.51,372.16,2289416,376.069093
2020-11-05 00:00:00-05:00,374.55,376.5,363.77,364.7,1812265,368.132721
2020-11-06 00:00:00-05:00,363.3,363.73,357.95,361.27,1492721,360.640719
2020-11-09 00:00:00-05:00,379.6,381.52,363.73,363.95,2127751,368.193317
2020-11-10 00:00:00-05:00,365.0,373.435,363.94,371.28,1826863,370.288623
2020-11-11 00:00:00-05:00,372.87,373.33,365.68,369.28,1207995,368.816033
2020-11-12 00:00:00-05:00,367.5,370.57,365.51,367.89,924450,367.752457
2020-11-13 00:00:00-05:00,370.57,376.0,369.23,375.14,1024195,373.677834
2020-11-16 00:00:00-05:00,378.05,380.69,376.08,377.13,1434562,377.65138
2020-11-17 00:00:00-05:00,375.66,380.48,375.25,375.9,1601789,376.642704
2020-11-18 00:00:00-05:00,377.49,383.4699,376.24,377.56,1138242,379.116071
2020-11-19 00:00:00-05:00,375.0,377.75,372.17,376.46,1178981,375.261915
2020-11-20 00:00:00-05:00,375.97,377.2373,367.62,368.02,1236337,369.97388
2020-11-23 00:00:00-05:00,371.54,374.53,369.86,370.85,1079764,371.279083
2020-11-24 00:00:00-05:00,375.28,378.48,373.06,378.48,1066410,377.101217
2020-11-25 00:00:00-05:00,377.09,381.95,376.23,378.34,965775,378.80189
2020-11-27 00:00:00-05:00,378.81,378.81,373.45,374.34,657538,374.956058
2020-11-30 00:00:00-05:00,370.79,372.44,363.39,365.0,1875240,366.551547
2020-12-01 00:00:00-05:00,368.33,373.29,364.87,364.99,1431081,367.495367
2020-12-02 00:00:00-05:00,364.99,365.9899,360.01,361.36,2836566,361.747017
2020-12-03 00:00:00-05:00,362.12,369.5,360.96,362.03,1938163,363.950971
2020-12-04 00:00:00-05:00,363.12,367.73,362.11,366.61,1362274,366.160687
2020-12-07 00:00:00-05:00,366.9,366.9,360.54,362.13,1473913,361.974508
2020-12-08 00:00:00-05:00,360.99,363.17,358.835,359.23,2061823,360.110902
2020-12-09 00:00:00-05:00,359.85,362.59,356.945,361.35,1660799,359.679697
2020-12-10 00:00:00-05:00,359.52,364.215,355.195,355.39,1495012,357.133104
2020-12-11 00:00:00-05:00,354.55,363.12,354.19,361.71,1545034,359.974191
2020-12-14 00:00:00-05:00,363.5,365.62,357.44,357.66,1537437,360.073482
2020-12-15 00:00:00-05:00,358.73,359.89,355.445,357.57,1763823,357.699964
2020-12-16 00:00:00-05:00,357.25,357.899,353.65,354.57,2170384,355.178354
2020-12-17 00:00:00-05:00,355.93,357.66,351.88,352.6,1842078,353.758338
2020-12-18 00:00:00-05:00,352.04,356.79,350.01,356.03,6054369,355.142767
2020-12-21 00:00:00-05:00,353.16,353.94,346.6,349.35,2347757,349.939274
2020-12-22 00:00:00-05:00,349.55,350.62,347.385,347.92,1936669,348.716999
2020-12-23 00:00:00-05:00,349.95,354.995,349.4,351.6,1516103,352.635012
2020-12-24 00:00:00-05:00,352.83,354.0561,350.4,351.97,556637,351.89184
2020-12-28 00:00:00-05:00,353.11,357.82,351.71,354.18,1071091,354.069224
2020-12-29 00:00:00-05:00,356.0,357.35,351.8,353.9,1138161,354.455892
2020-12-30 00:00:00-05:00,353.0,356.61,353.0,354.16,944879,354.433668
2020-12-31 00:00:00-05:00,353.82,356.03,352.23,354.98,1507338,354.629991
2021-01-04 00:00:00-05:00,354.98,354.98,341.065,344.64,2065540,345.565485
2021-01-05 00:00:00-05:00,344.64,351.19,343.3,348.79,1643844,347.945303
2021-01-06 00:00:00-05:00,343.0,351.92,342.7826,348.03,2023364,346.683472
2021-01-07 00:00:00-05:00,344.36,347.8499,341.3398,342.55,2168816,343.158717
2021-01-08 00:00:00-05:00,341.88,343.47,335.01,336.1,3506779,337.172418
2021-01-11 00:00:00-05:00,335.0,339.0,333.32,337.68,3341595,337.169517
2021-01-12 00:00:00-05:00,336.52,343.37,335.63,341.85,3332113,340.299565
2021-01-13 00:00:00-05:00,341.41,347.2,339.165,345.49,1817691,344.132448
2021-01-14 00:00:00-05:00,348.0,354.79,346.85,347.44,2101208,350.803213
2021-01-15 00:00:00-05:00,347.1,350.5,344.278,347.27,2022767,347.274344
2021-01-19 00:00:00-05:00,350.74,350.97,341.48,341.5,2261523,343.771096
2021-01-20 00:00:00-05:00,342.54,343.78,339.215,341.67,1918056,341.868864
2021-01-21 00:00:00-05:00,341.67,343.61,338.96,339.67,1803054,339.884885
2021-01-22 00:00:00-05:00,338.74,341.84,337.21,339.88,1789167,339.781029
2021-01-25 00:00:00-05:00,339.36,346.89,337.9,343.51,2144296,343.266363
2021-01-26 00:00:00-05:00,339.0,343.98,330.69,330.69,3664581,334.291288
2021-01-27 00:00:00-05:00,332.28,335.73,329.674,332.51,2866922,332.724647
2021-01-28 00:00:00-05:00,332.14,334.68,327.1784,327.93,1969804,330.542864
2021-01-29 00:00:00-05:00,327.1,328.98,321.72,321.82,2305430,323.765854
2021-02-01 00:00:00-05:00,324.88,325.65,319.81,324.03,1719794,323.569024
2021-02-02 00:00:00-05:00,327.43,335.2,326.69,332.7,2178101,332.378523
2021-02-03 00:00:00-05:00,332.0,333.4,328.3,332.39,3307109,331.872839
2021-02-04 00:00:00-05:00,333.99,338.42,332.18,337.23,2498822,336.893218
2021-02-05 00:00:00-05:00,339.59,341.42,336.5,337.04,1520119,338.1286
2021-02-08 00:00:00-05:00,339.01,339.5,335.2,337.84,1662476,337.096866
2021-02-09 00:00:00-05:00,338.54,344.51,336.57,342.34,1776292,341.547664
2021-02-10 00:00:00-05:00,343.22,343.74,339.15,342.19,1796409,341.14094
2021-02-11 00:00:00-05:00,340.78,344.61,338.03,339.14,1265987,340.27422
2021-02-12 00:00:00-05:00,338.4,340.6445,336.56,337.73,1284422,337.787651
2021-02-16 00:00:00-05:00,339.25,340.0,333.8169,335.03,1793151,335.727442
2021-02-17 00:00:00-05:00,334.7,339.27,332.79,337.0,2147967,336.745301
2021-02-18 00:00:00-05:00,336.88,339.58,335.28,337.92,1363317,338.030832
2021-02-19 00:00:00-05:00,339.07,339.09,335.25,335.42,2197854,336.228461
2021-02-22 00:00:00-05:00,333.8,343.5599,333.21,340.47,1739009,339.604269
2021-02-23 00:00:00-05:00,345.13,347.47,338.33,346.23,2551454,344.136162
2021-02-24 00:00:00-05:00,347.28,350.3,344.61,346.53,2215309,347.669426
2021-02-25 00:00:00-05:00,345.8,349.1,340.67,341.69,1660006,344.138225
2021-02-26 00:00:00-05:00,338.0,338.76,330.0,330.25,2258593,332.94224
2021-03-01 00:00:00-05:00,333.78,337.72,332.82,333.47,1775267,335.222599
2021-03-02 00:00:00-05:00,333.27,340.01,332.67,338.59,2376958,337.352698
2021-03-03 00:00:00-05:00,339.61,346.3312,338.59,340.91,5087377,341.572859
2021-03-04 00:00:00-05:00,340.48,344.35,334.15,338.25,2309674,339.522437
2021-03-05 00:00:00-05:00,338.47,341.17,335.13,340.43,1546774,338.794106
2021-03-08 00:00:00-05:00,343.5,346.06,338.44,341.45,1746274,342.272363
2021-03-09 00:00:00-05:00,341.41,342.85,337.27,337.5,1624676,339.185782
2021-03-10 00:00:00-05:00,339.41,343.19,335.69,340.84,1857846,339.888559
2021-03-11 00:00:00-05:00,341.0,343.63,338.46,339.73,1836132,340.953666
2021-03-12 00:00:00-05:00,339.64,343.65,338.62,340.19,2388727,340.698704
2021-03-15 00:00:00-04:00,344.38,346.64,342.6,346.41,2202390,345.281097
2021-03-16 00:00:00-04:00,346.51,349.0,342.3,347.13,1845213,346.097888
2021-03-17 00:00:00-04:00,347.83,355.55,347.13,351.02,2196620,352.016655
2021-03-18 00:00:00-04:00,353.87,359.0,352.5428,358.45,2474847,357.494531
2021-03-19 00:00:00-04:00,359.43,359.43,350.1,355.07,8464066,354.723689
2021-03-22 00:00:00-04:00,352.0,358.37,352.0,357.66,2479378,356.408392
2021-03-23 00:00:00-04:00,357.11,359.245,352.6719,353.61,1675635,355.148232
2021-03-24 00:00:00-04:00,354.99,362.68,354.99,356.12,1676490,358.554121
2021-03-25 00:00:00-04:00,354.77,361.79,354.22,361.22,1708929,358.89787
2021-03-26 00:00:00-04:00,362.59,365.25,359.75,364.71,2187652,363.257294
2021-03-29 00:00:00-04:00,365.0,374.24,365.0,372.79,2406657,371.975068
2021-03-30 00:00:00-04:00,373.25,374.13,368.61,370.54,1767505,370.710997
2021-03-31 00:00:00-04:00,370.75,372.61,367.38,369.5,1555089,369.361804
2021-04-01 00:00:00-04:00,368.99,372.99,368.3439,371.02,1327291,370.85323
2021-04-05 00:00:00-04:00,372.06,380.4,372.06,378.75,1651387,377.99397
2021-04-06 00:00:00-04:00,376.51,380.104,376.315,378.97,1126458,378.736503
2021-04-07 00:00:00-04:00,378.74,380.4,376.07,380.19,1088232,379.382044
2021-04-08 00:00:00-04:00,379.6,387.42,378.31,386.02,2060049,384.925255
2021-04-09 00:00:00-04:00,386.88,390.26,383.6619,386.23,1608792,386.447668
2021-04-12 00:00:00-04:00,387.13,388.7056,384.288,387.85,1170903,387.287492
2021-04-13 00:00:00-04:00,386.56,388.2,384.3398,387.11,1232955,386.808062
2021-04-14 00:00:00-04:00,387.4,391.2407,387.0,388.67,1153650,389.152395
2021-04-15 00:00:00-04:00,388.67,392.0,387.7,390.63,1497773,390.648416
2021-04-16 00:00:00-04:00,392.82,394.335,389.8,391.81,1661879,392.051702
2021-04-19 00:00:00-04:00,392.0,392.0,391.73,391.73,158678,391.762204
2021-04-20 00:00:00-04:00,388.0,391.5,384.62,387.33,1458002,387.171923
2021-04-21 00:00:00-04:00,387.52,390.885,384.95,387.24,1455819,387.098613
2021-04-22 00:00:00-04:00,386.77,386.77,378.4,380.09,1893852,380.87066
2021-04-23 00:00:00-04:00,378.59,378.59,373.32,377.29,1427375,376.42963
2021-04-26 00:00:00-04:00,374.28,375.31,370.72,371.98,1666329,372.285652
2021-04-27 00:00:00-04:00,371.5,374.24,370.142,373.22,1787218,373.07177
2021-04-28 00:00:00-04:00,373.46,373.88,370.95,372.94,1212979,372.61135
2021-04-29 00:00:00-04:00,375.0,381.98,374.84,380.35,1509192,379.656697
2021-04-30 00:00:00-04:00,378.86,382.0,377.6,380.56,1251823,379.994096
2021-05-03 00:00:00-04:00,379.77,386.39,379.06,385.31,1434698,383.727057
2021-05-04 00:00:00-04:00,387.25,390.15,384.54,387.48,1637224,387.131843
2021-05-05 00:00:00-04:00,386.34,387.48,381.705,386.37,1177442,385.16889
2021-05-06 00:00:00-04:00,387.99,389.3,386.0,387.34,1212794,387.532974
2021-05-07 00:00:00-04:00,387.0,392.6,385.89,390.34,1296781,389.676504
2021-05-10 00:00:00-04:00,391.36,396.99,391.29,393.14,1917388,393.986844
2021-05-11 00:00:00-04:00,391.03,391.68,384.41,387.82,1620353,387.72453
2021-05-12 00:00:00-04:00,387.97,390.35,380.2,380.62,1861306,382.887235
2021-05-13 00:00:00-04:00,381.78,390.38,380.95,387.77,1190272,387.210472
2021-05-14 00:00:00-04:00,390.17,392.1,388.59,390.78,864296,390.712979
2021-05-17 00:00:00-04:00,389.63,392.03,388.715,391.12,1525371,390.727194
2021-05-18 00:00:00-04:00,391.27,394.17,387.08,387.22,1766931,389.472735
2021-05-19 00:00:00-04:00,385.0,385.73,381.35,385.54,1495152,384.41867
2021-05-20 00:00:00-04:00,386.79,389.54,386.07,388.32,1643955,387.806255
2021-05-21 00:00:00-04:00,389.3,392.19,385.56,387.22,1306247,387.723487
2021-05-24 00:00:00-04:00,389.5,389.75,385.9624,387.71,1395800,387.665128
2021-05-25 00:00:00-04:00,387.9,389.5,385.18,385.85,1493531,386.359888
2021-05-26 00:00:00-04:00,385.57,386.0659,382.2101,384.13,1544224,383.674005
2021-05-27 00:00:00-04:00,387.4,387.95,384.28,387.39,5824112,386.998553
2021-05-28 00:00:00-04:00,384.7,386.0,381.52,382.2,1450241,382.851082
2021-06-01 00:00:00-04:00,384.23,384.43,381.13,381.92,1446373,382.506924
2021-06-02 00:00:00-04:00,382.01,385.5,380.63,385.09,1568370,384.048198
2021-06-03 00:00:00-04:00,383.76,387.54,383.095,387.35,2321109,386.238033
2021-06-04 00:00:00-04:00,388.0,395.52,387.61,394.1,2793081,393.833048
2021-06-07 00:00:00-04:00,395.04,395.72,389.6101,391.51,1683089,391.602474
2021-06-08 00:00:00-04:00,391.51,392.66,387.07,388.53,1465920,389.123658
2021-06-09 00:00:00-04:00,389.27,389.27,385.12,386.8,1610950,387.337415
2021-06-10 00:00:00-04:00,389.14,389.74,386.09,387.72,1328415,387.709816
2021-06-11 00:00:00-04:00,388.78,389.15,385.17,387.72,1171007,387.258659
2021-06-14 00:00:00-04:00,387.61,389.455,385.88,389.11,997432,388.189022
2021-06-15 00:00:00-04:00,390.0,392.045,389.06,389.8,1029165,390.32116
2021-06-16 00:00:00-04:00,390.81,391.0028,383.2,383.6,1701235,385.38604
2021-06-17 00:00:00-04:00,384.28,385.52,379.57,382.9,1392438,382.80498
2021-06-18 00:00:00-04:00,380.17,382.1,379.0,379.19,3191015,379.603559
2021-06-21 00:00:00-04:00,381.23,385.44,380.61,382.5,1330743,382.958326
2021-06-22 00:00:00-04:00,381.54,383.88,379.65,382.48,754586,382.128866
2021-06-23 00:00:00-04:00,382.21,382.51,377.26,377.33,1181140,378.561931
2021-06-24 00:00:00-04:00,379.52,379.99,376.85,377.73,1156111,377.977078
2021-06-25 00:00:00-04:00,376.89,383.42,376.89,382.01,2182250,381.574621
2021-06-28 00:00:00-04:00,381.67,382.733,378.82,380.07,863007,380.056461
2021-06-29 00:00:00-04:00,379.876,380.4,373.245,373.42,1424264,374.786439
2021-06-30 00:00:00-04:00,374.5,379.439,373.615,378.35,1248017,377.730895
2021-07-01 00:00:00-04:00,377.31,381.115,377.215,380.22,854389,379.826425
2021-07-02 00:00:00-04:00,381.75,383.19,378.95,381.49,1026908,381.619117
2021-07-06 00:00:00-04:00,380.0,380.34,373.6843,378.67,1327904,377.853341
2021-07-07 00:00:00-04:00,378.41,384.6,377.4101,383.48,1112349,382.837612
2021-07-08 00:00:00-04:00,379.53,381.69,377.93,379.92,1001148,379.824988
2021-07-09 00:00:00-04:00,382.7,384.39,380.77,383.11,634199,382.777518
2021-07-12 00:00:00-04:00,381.9,383.315,376.23,379.07,1230920,379.179496
2021-07-13 00:00:00-04:00,379.0,380.685,377.535,377.84,819709,378.294417
2021-07-14 00:00:00-04:00,377.84,378.3914,375.21,376.82,814247,376.759184
2021-07-15 00:00:00-04:00,375.12,378.65,375.0,378.25,790881,377.528113
2021-07-16 00:00:00-04:00,378.62,379.72,375.28,377.14,1082565,377.462786
2021-07-19 00:00:00-04:00,375.15,376.82,367.56,372.02,1454833,371.009365
2021-07-20 00:00:00-04:00,373.01,380.64,373.0,379.98,1418251,379.205436
2021-07-21 00:00:00-04:00,379.98,384.7,379.4,380.89,1027401,381.226445
2021-07-22 00:00:00-04:00,380.75,381.545,377.8301,379.93,745713,380.113289
2021-07-23 00:00:00-04:00,381.97,382.5,380.19,380.77,861770,381.233232
2021-07-26 00:00:00-04:00,373.0,374.36,366.4,368.05,2877532,368.527542
2021-07-27 00:00:00-04:00,368.25,375.55,368.25,374.73,1545148,373.746932
2021-07-28 00:00:00-04:00,376.0,376.242,370.59,372.81,847470,373.098144
2021-07-29 00:00:00-04:00,374.85,375.86,371.35,372.6,826863,373.248978
2021-07-30 00:00:00-04:00,372.07,373.64,370.11,371.67,896710,371.49123
2021-08-02 00:00:00-04:00,372.3,375.04,368.08,368.3,1368002,369.653503
2021-08-03 00:00:00-04:00,369.38,369.91,366.0,369.45,953493,368.723442
2021-08-04 00:00:00-04:00,364.49,365.36,359.61,361.64,1830305,361.826789
2021-08-05 00:00:00-04:00,362.44,363.02,359.88,360.78,1005384,361.176309
2021-08-06 00:00:00-04:00,362.3,363.46,360.56,362.05,778682,362.154736
2021-08-09 00:00:00-04:00,360.7,362.4246,359.78,361.04,1103944,361.024626
2021-08-10 00:00:00-04:00,360.19,363.06,360.1,362.24,915100,361.622358
2021-08-11 00:00:00-04:00,362.45,364.35,361.0,363.3,1003439,362.830778
2021-08-12 00:00:00-04:00,362.33,364.3,358.8,359.75,1097895,360.362523
2021-08-13 00:00:00-04:00,360.25,361.065,357.51,357.98,1305900,358.4289
2021-08-16 00:00:00-04:00,357.98,360.51,355.56,360.25,1712576,359.483773
2021-08-17 00:00:00-04:00,359.05,362.53,358.665,361.6,1653300,361.053069
2021-08-18 00:00:00-04:00,359.5,360.5,356.56,356.6,1039799,358.147644
2021-08-19 00:00:00-04:00,355.23,359.895,353.57,354.03,1476849,355.655208
2021-08-20 00:00:00-04:00,354.74,358.81,353.57,357.17,1032584,357.135973
2021-08-23 00:00:00-04:00,357.94,359.07,356.41,357.35,891315,357.822472
2021-08-24 00:00:00-04:00,358.97,360.49,357.92,359.0,899156,359.219955
2021-08-25 00:00:00-04:00,359.69,360.65,357.991,358.75,1023930,358.930588
2021-08-26 00:00:00-04:00,359.1,361.98,357.2416,361.62,1232772,360.579891
2021-08-27 00:00:00-04:00,363.29,364.33,361.18,361.99,1347247,362.398108
2021-08-30 00:00:00-04:00,362.25,363.96,361.75,362.05,1080935,362.583742
2021-08-31 00:00:00-04:00,359.4,360.85,358.1,359.8,1306496,359.811472
2021-09-01 00:00:00-04:00,358.3,359.51,356.54,356.66,1234236,357.316305
2021-09-02 00:00:00-04:00,356.81,358.735,355.52,358.05,2468961,357.669152
2021-09-03 00:00:00-04:00,358.05,358.27,355.625,356.0,1004125,356.481538
2021-09-07 00:00:00-04:00,354.72,354.72,349.07,349.2,2269937,350.13955
2021-09-08 00:00:00-04:00,350.39,353.58,349.46,351.46,1306469,351.861606
2021-09-09 00:00:00-04:00,350.51,351.7,347.86,348.93,1198885,349.199716
2021-09-10 00:00:00-04:00,349.44,350.08,345.82,345.88,1345429,346.765615
2021-09-13 00:00:00-04:00,347.91,349.28,342.75,346.31,1591062,346.258412
2021-09-14 00:00:00-04:00,348.0,348.3,342.48,344.34,1437180,344.106678
2021-09-15 00:00:00-04:00,344.8,346.93,343.91,345.07,1426114,345.23588
2021-09-16 00:00:00-04:00,345.48,345.9436,340.75,341.5,1708702,341.909824
2021-09-17 00:00:00-04:00,339.95,342.81,339.15,340.98,2609129,340.824939
2021-09-20 00:00:00-04:00,338.7,340.65,335.89,338.46,2040108,338.475906
2021-09-21 00:00:00-04:00,338.74,340.065,335.1001,336.05,1622401,336.482739
2021-09-22 00:00:00-04:00,338.14,343.2,338.02,341.73,1481675,341.592889
2021-09-23 00:00:00-04:00,340.29,344.775,340.11,344.2,1494752,343.617874
2021-09-24 00:00:00-04:00,348.97,352.94,347.51,349.52,1843484,349.433073
2021-09-27 00:00:00-04:00,352.14,357.235,351.32,353.36,2051073,354.063703
2021-09-28 00:00:00-04:00,353.36,355.31,349.92,352.15,1266362,352.216306
2021-09-29 00:00:00-04:00,348.13,352.58,344.97,350.29,1672794,349.512695
2021-09-30 00:00:00-04:00,351.53,352.3,344.9,345.1,1219398,346.76068
2021-10-01 00:00:00-04:00,347.31,349.68,342.77,347.8,1068493,347.098629
2021-10-04 00:00:00-04:00,347.69,350.2724,343.7,345.99,1251256,346.336757
2021-10-05 00:00:00-04:00,346.0,350.45,344.82,347.75,987369,348.097596
2021-10-06 00:00:00-04:00,347.03,350.14,344.2,349.99,1130448,348.453126
2021-10-07 00:00:00-04:00,350.17,354.48,350.17,351.78,1142524,352.175153
2021-10-08 00:00:00-04:00,352.08,355.16,350.8,353.75,843574,353.280758
2021-10-11 00:00:00-04:00,354.9,359.33,354.12,357.08,1072348,357.528024
2021-10-12 00:00:00-04:00,356.98,360.38,356.0101,358.12,961368,358.361619
2021-10-13 00:00:00-04:00,359.62,362.39,353.4498,361.76,1241785,360.238382
2021-10-14 00:00:00-04:00,362.02,364.16,360.355,362.07,1079625,362.342855
2021-10-15 00:00:00-04:00,364.1,366.24,363.51,365.62,1154190,365.457351
2021-10-18 00:00:00-04:00,364.33,367.88,361.875,365.0,1181557,365.339394
2021-10-19 00:00:00-04:00,366.5,371.18,363.65,371.07,1190450,369.151349
2021-10-20 00:00:00-04:00,371.78,372.57,369.8,371.13,1054022,371.349221
2021-10-21 00:00:00-04:00,371.63,373.26,367.14,373.14,939475,371.821224
2021-10-22 00:00:00-04:00,373.93,377.02,372.25,374.6,1168767,375.017391
2021-10-25 00:00:00-04:00,375.91,376.33,375.91,376.33,133091,376.266719
2021-10-26 00:00:00-04:00,348.33,351.2,326.0,331.91,9727415,334.063903
2021-10-27 00:00:00-04:00,333.0001,336.434,330.54,330.94,3052669,332.397868
2021-10-28 00:00:00-04:00,330.0,334.855,325.14,331.39,3038637,329.498081
2021-10-29 00:00:00-04:00,330.0,334.3641,328.84,332.32,1997043,331.693094
2021-11-01 00:00:00-04:00,330.47,334.198,330.07,330.93,2042014,331.742536
2021-11-02 00:00:00-04:00,331.45,332.0407,325.31,326.31,2929962,326.953785
2021-11-03 00:00:00-04:00,325.5,333.1,324.2278,331.35,2148175,330.449076
2021-11-04 00:00:00-04:00,331.3,335.7396,331.3,335.5,1982568,334.345866
2021-11-05 00:00:00-04:00,336.95,340.52,336.35,339.89,2570878,339.177021
2021-11-08 00:00:00-05:00,341.625,343.02,337.58,341.78,1901770,340.732986
2021-11-09 00:00:00-05:00,341.38,342.0,337.0997,338.17,2006913,338.552326
2021-11-10 00:00:00-05:00,338.77,340.7,337.5,337.63,1388451,338.471345
2021-11-11 00:00:00-05:00,337.14,337.21,333.3,335.89,1302764,336.058599
2021-11-12 00:00:00-05:00,335.62,340.39,335.03,339.06,1241526,338.814221
2021-11-15 00:00:00-05:00,339.55,341.65,339.43,340.92,1287487,340.800975
2021-11-16 00:00:00-05:00,341.89,343.64,339.76,340.37,1467786,341.021223
2021-11-17 00:00:00-05:00,339.48,343.545,339.48,341.99,1863944,341.997615
2021-11-18 00:00:00-05:00,342.72,343.11,340.21,342.08,1529516,341.716907
2021-11-19 00:00:00-05:00,340.88,343.0,339.35,341.44,1663338,341.550927
2021-11-22 00:00:00-05:00,341.73,347.59,341.48,344.98,1358782,345.225734
2021-11-23 00:00:00-05:00,344.98,348.09,344.67,345.18,1353669,345.808428
2021-11-24 00:00:00-05:00,344.86,347.0,343.05,343.58,1232457,344.482169
2021-11-26 00:00:00-05:00,339.29,343.23,338.08,342.72,1198061,341.215667
2021-11-29 00:00:00-05:00,344.0,344.6,339.2,341.23,1639749,341.536225
2021-11-30 00:00:00-05:00,337.2,338.355,333.03,333.32,3475435,334.454056
2021-12-01 00:00:00-05:00,335.0,335.95,328.2,328.42,2394162,331.819267
2021-12-02 00:00:00-05:00,330.0,333.91,328.33,330.53,1990777,331.297097
2021-12-03 00:00:00-05:00,331.35,334.3775,330.34,333.81,1749666,332.973903
2021-12-06 00:00:00-05:00,337.25,342.41,337.25,339.96,2135012,340.312347
2021-12-07 00:00:00-05:00,340.0,342.11,338.8,339.17,1758431,339.834095
2021-12-08 00:00:00-05:00,339.71,342.38,339.0244,341.08,1568548,340.982529
2021-12-09 00:00:00-05:00,339.94,345.11,338.27,343.6,1794495,343.067202
2021-12-10 00:00:00-05:00,345.84,347.24,344.6,344.88,1394722,345.263951
2021-12-13 00:00:00-05:00,344.4,346.795,341.51,345.55,1968709,344.830144
2021-12-14 00:00:00-05:00,343.75,348.4,343.75,345.64,2178341,345.62937
2021-12-15 00:00:00-05:00,345.39,345.64,340.0,344.42,1326036,343.790822
2021-12-16 00:00:00-05:00,345.67,347.96,343.67,344.84,1306521,345.553722
2021-12-17 00:00:00-05:00,345.55,347.155,342.92,344.14,3437275,344.643969
2021-12-20 00:00:00-05:00,341.0,341.19,333.42,337.42,2483536,337.265365
2021-12-21 00:00:00-05:00,338.77,343.38,338.65,340.77,2473238,341.388095
2021-12-22 00:00:00-05:00,341.16,344.35,341.03,343.14,1437617,343.020385
2021-12-23 00:00:00-05:00,343.78,348.32,343.78,347.02,1181040,347.033326
2021-12-27 00:00:00-05:00,347.1,350.81,347.0,350.28,1082634,349.543536
2021-12-28 00:00:00-05:00,350.06,355.17,349.5114,353.75,904358,353.573136
2021-12-29 00:00:00-05:00,353.44,355.5,352.69,354.27,871048,354.198975
2021-12-30 00:00:00-05:00,355.0,357.83,353.51,353.58,864753,354.570214
2021-12-31 00:00:00-05:00,353.17,357.06,351.555,355.41,1038274,354.975774
2022-01-03 00:00:00-05:00,354.68,356.59,353.03,354.36,1373333,354.556638
2022-01-04 00:00:00-05:00,355.53,363.54,355.21,361.99,1534057,361.382547
2022-01-05 00:00:00-05:00,363.0,364.0,357.87,358.14,1963829,359.654692
2022-01-06 00:00:00-05:00,360.0,361.24,357.55,358.0,1504385,358.763185
2022-01-07 00:00:00-05:00,359.08,362.99,358.15,360.14,1821509,360.61794
2022-01-10 00:00:00-05:00,363.0,369.46,361.41,363.25,2570694,364.836619
2022-01-11 00:00:00-05:00,364.01,365.0379,361.27,364.14,1260038,363.654699
2022-01-12 00:00:00-05:00,363.38,366.155,359.45,361.3,1672193,362.04598
2022-01-13 00:00:00-05:00,362.06,367.36,360.12,365.18,1338115,365.207332
2022-01-14 00:00:00-05:00,365.18,372.99,363.97,372.62,2396060,370.454646
2022-01-18 00:00:00-05:00,370.45,377.36,368.86,376.54,2708111,375.061176
2022-01-19 00:00:00-05:00,375.5,381.45,374.1765,377.33,3519420,378.18079
2022-01-20 00:00:00-05:00,377.01,381.15,374.01,375.13,2360624,377.425369
2022-01-21 00:00:00-05:00,374.0,377.1,369.68,371.2,3362074,371.993965
2022-01-24 00:00:00-05:00,369.55,374.54,367.84,373.33,897074,371.644559
2022-01-25 00:00:00-05:00,377.845,388.0,370.78,387.17,3366228,383.117891
2022-01-26 00:00:00-05:00,388.0,393.63,383.7,391.24,3856619,390.013289
2022-01-27 00:00:00-05:00,389.39,395.6,384.735,389.08,2781670,389.576614
2022-01-28 00:00:00-05:00,389.1,393.33,384.78,393.15,2308231,390.626844
2022-01-31 00:00:00-05:00,390.5,390.99,384.68,389.13,2728111,388.53132
2022-02-01 00:00:00-05:00,390.22,390.51,386.21,387.01,2109099,387.639724
2022-02-02 00:00:00-05:00,386.11,388.35,385.01,387.34,1761920,386.648033
2022-02-03 00:00:00-05:00,388.18,392.1666,386.39,389.7,1809611,389.660659
2022-02-04 00:00:00-05:00,388.0,392.84,385.32,389.33,1758018,389.165907
2022-02-07 00:00:00-05:00,392.0,395.58,388.3,392.34,1433417,392.493739
2022-02-08 00:00:00-05:00,395.68,396.835,390.6,396.04,1412195,395.35194
2022-02-09 00:00:00-05:00,395.5,397.6171,393.69,394.54,1698273,395.050841
2022-02-10 00:00:00-05:00,393.04,395.66,383.93,385.43,2487663,387.527474
2022-02-11 00:00:00-05:00,386.76,398.85,385.35,396.19,3414183,394.528923
2022-02-14 00:00:00-05:00,393.98,395.5199,383.79,386.97,2965750,387.560036
2022-02-15 00:00:00-05:00,381.91,387.3,378.32,382.22,2607580,383.290801
2022-02-16 00:00:00-05:00,382.85,388.7078,382.0,386.9,1892061,386.122157
2022-02-17 00:00:00-05:00,386.12,391.69,385.77,388.77,1334964,388.93066
2022-02-18 00:00:00-05:00,389.14,391.08,385.705,386.46,1611456,387.490664
2022-02-22 00:00:00-05:00,391.27,393.42,385.07,386.2,1827683,388.222142
2022-02-23 00:00:00-05:00,389.17,390.28,384.5,388.9,1979312,388.42702
2022-02-24 00:00:00-05:00,398.23,398.98,387.42,395.71,4429106,392.406922
2022-02-25 00:00:00-05:00,395.23,414.45,395.22,409.49,3607473,408.004138
2022-02-28 00:00:00-05:00,413.81,433.9,413.5,433.8,6346314,427.540255
2022-03-01 00:00:00-05:00,435.0,458.53,435.0,456.61,6051658,451.996461
2022-03-02 00:00:00-05:00,445.37,451.56,429.28,450.0,5243839,444.112848
2022-03-03 00:00:00-05:00,444.72,455.9,437.4435,447.82,5035625,447.126408
2022-03-04 00:00:00-05:00,450.05,462.66,443.07,458.15,3516520,455.946997
2022-03-07 00:00:00-05:00,463.01,479.99,463.0,466.15,5436421,471.266148
2022-03-08 00:00:00-05:00,463.78,463.78,448.99,448.99,204755,452.85455
2022-03-09 00:00:00-05:00,437.5,455.735,432.43,448.72,3694037,447.586525
2022-03-10 00:00:00-05:00,450.63,456.9599,442.24,444.36,3226043,448.045037
2022-03-11 00:00:00-05:00,442.0,448.685,438.61,439.04,2797392,442.798233
2022-03-14 00:00:00-04:00,449.44,449.78,439.21,444.45,2721769,444.272644
2022-03-15 00:00:00-04:00,444.75,450.42,440.28,448.67,1965221,447.396822
2022-03-16 00:00:00-04:00,435.05,436.89,411.36,421.34,6375012,421.492308
2022-03-17 00:00:00-04:00,427.06,431.78,424.8,428.59,3436053,428.503864
2022-03-18 00:00:00-04:00,434.67,437.49,421.7001,426.18,6973405,426.909353
2022-03-21 00:00:00-04:00,431.63,447.93,431.63,440.0,3665924,440.530765
2022-03-22 00:00:00-04:00,439.45,443.84,434.19,440.59,2559524,440.086526
2022-03-23 00:00:00-04:00,444.0,447.5,442.35,445.25,1947096,445.162701
2022-03-24 00:00:00-04:00,445.3,451.5,443.23,449.73,1492573,449.001454
2022-03-25 00:00:00-04:00,450.03,457.53,450.0,453.66,1820478,453.711076
2022-03-28 00:00:00-04:00,449.32,450.46,443.31,444.98,2060593,446.373534
2022-03-29 00:00:00-04:00,433.25,438.12,429.32,437.15,2639564,434.294093
2022-03-30 00:00:00-04:00,439.32,447.06,439.305,445.95,2138856,444.470836
2022-03-31 00:00:00-04:00,441.96,448.8699,441.0,441.4,1915690,443.33448
2022-04-01 00:00:00-04:00,442.22,448.99,438.8177,445.98,1348266,444.497019
2022-04-04 00:00:00-04:00,447.48,448.0,439.55,444.01,1258468,443.753544
2022-04-05 00:00:00-04:00,445.0,454.81,443.38,447.24,2352606,448.619202
2022-04-06 00:00:00-04:00,446.38,457.56,446.38,454.58,2146587,454.260865
2022-04-07 00:00:00-04:00,453.0,467.4,450.79,465.51,2151240,461.334977
2022-04-08 00:00:00-04:00,467.72,471.59,459.61,461.52,1853220,464.226696
2022-04-11 00:00:00-04:00,463.79,474.45,462.19,464.25,2101940,466.793926
2022-04-12 00:00:00-04:00,466.2,471.7399,461.38,467.55,1605984,467.901866
2022-04-13 00:00:00-04:00,471.0,474.61,466.25,469.19,1309552,469.495484
2022-04-14 00:00:00-04:00,471.91,473.73,466.04,467.66,2573705,468.38425
2022-04-18 00:00:00-04:00,467.0,471.9699,459.11,467.44,1919446,466.862464
2022-04-19 00:00:00-04:00,462.49,475.5,458.425,459.9,2292588,462.771771
2022-04-20 00:00:00-04:00,459.88,461.36,452.78,453.87,1812546,455.514196
2022-04-21 00:00:00-04:00,455.0,455.95,438.85,439.54,2160987,444.295108
2022-04-22 00:00:00-04:00,440.89,450.9,438.3924,445.79,1623873,445.987831
2022-04-25 00:00:00-04:00,443.0,444.82,433.27,442.89,1629766,440.365469
2022-04-26 00:00:00-04:00,447.04,452.32,443.1803,446.09,1571949,447.391037
2022-04-27 00:00:00-04:00,446.23,452.0,439.2655,444.98,1131108,446.21225
2022-04-28 00:00:00-04:00,449.0,449.0,437.52,441.71,1485882,441.491484
2022-04-29 00:00:00-04:00,444.43,445.01,430.38,432.12,1749632,433.63354
2022-05-02 00:00:00-04:00,429.6,437.49,426.15,430.81,1528649,431.403733
2022-05-03 00:00:00-04:00,434.38,437.6,430.955,434.77,1568137,434.918305
2022-05-04 00:00:00-04:00,437.03,445.99,434.885,445.74,1308745,442.763921
2022-05-05 00:00:00-04:00,445.74,447.47,438.6091,443.15,1376385,442.753073
2022-05-06 00:00:00-04:00,441.53,449.58,439.91,449.43,1582734,446.868628
2022-05-09 00:00:00-04:00,447.03,448.78,437.12,438.84,1480133,442.023339
2022-05-10 00:00:00-04:00,439.94,446.5,437.5,439.13,1097700,440.47137
2022-05-11 00:00:00-04:00,437.5,444.99,436.615,440.41,1174496,440.998942
2022-05-12 00:00:00-04:00,439.26,441.32,428.35,434.59,1505611,434.400069
2022-05-13 00:00:00-04:00,435.36,437.705,429.0,435.17,1244930,433.936152
2022-05-16 00:00:00-04:00,435.0,440.365,432.155,437.55,1130175,437.256925
2022-05-17 00:00:00-04:00,439.81,442.22,431.26,441.0,884074,439.666856
2022-05-18 00:00:00-04:00,441.0,442.07,433.1034,434.33,1130477,436.427757
2022-05-19 00:00:00-04:00,430.85,432.99,419.285,425.62,1725977,425.520603
2022-05-20 00:00:00-04:00,428.0,428.0,417.29,424.15,2115218,423.328097
2022-05-23 00:00:00-04:00,427.44,435.645,427.44,433.03,1259924,432.302131
2022-05-24 00:00:00-04:00,433.0,443.31,433.0,442.78,1237357,440.732821
2022-05-25 00:00:00-04:00,443.48,448.63,441.3,447.54,1169503,446.679124
2022-05-26 00:00:00-04:00,450.0,454.06,447.765,447.99,1495661,449.103412
2022-05-27 00:00:00-04:00,451.14,451.47,444.46,450.56,1580427,450.037148
2022-05-31 00:00:00-04:00,443.0,445.0,438.41,440.11,3332753,440.234711
2022-06-01 00:00:00-04:00,443.03,443.85,436.49,439.3,1393698,439.512196
2022-06-02 00:00:00-04:00,441.76,442.54,430.4401,441.11,1331426,437.631013
2022-06-03 00:00:00-04:00,440.0,446.578,439.16,442.69,1054340,442.743616
2022-06-06 00:00:00-04:00,443.82,446.0007,441.56,443.41,769378,443.778693
2022-06-07 00:00:00-04:00,442.0,456.67,441.3989,456.3,1239066,452.229296
2022-06-08 00:00:00-04:00,452.0,454.64,442.91,443.41,1250926,446.729797
2022-06-09 00:00:00-04:00,443.42,443.5493,432.5,432.72,1108383,436.275823
2022-06-10 00:00:00-04:00,431.0,434.35,425.75,430.19,1300268,430.5035
2022-06-13 00:00:00-04:00,424.4,428.36,421.522,423.93,1673009,424.317277
2022-06-14 00:00:00-04:00,424.01,424.16,411.11,416.17,1633946,415.985414
2022-06-15 00:00:00-04:00,417.56,419.0,408.87,414.1,1398147,414.344923
2022-06-16 00:00:00-04:00,410.43,412.89,403.02,404.79,1754944,406.620632
2022-06-17 00:00:00-04:00,403.57,405.4,394.66,404.01,5514145,403.296958
2022-06-21 00:00:00-04:00,412.0,420.5,409.0101,418.96,1645890,417.041584
2022-06-22 00:00:00-04:00,414.06,420.42,411.79,415.45,1332142,415.848247
2022-06-23 00:00:00-04:00,415.37,416.27,407.18,410.62,1141607,410.811299
2022-06-24 00:00:00-04:00,415.84,419.48,410.68,419.04,2243400,418.199783
2022-06-27 00:00:00-04:00,419.04,423.19,417.47,419.25,953225,419.624014
2022-06-28 00:00:00-04:00,423.0,427.56,419.35,420.71,1062013,422.159226
2022-06-29 00:00:00-04:00,423.06,424.4063,416.43,418.89,845876,419.064815
2022-06-30 00:00:00-04:00,418.16,430.32,416.88,429.96,1506519,427.738072
2022-07-01 00:00:00-04:00,429.74,434.96,424.48,433.52,1424107,431.325858
2022-07-05 00:00:00-04:00,424.79,425.77,407.21,415.25,1851123,413.712844
2022-07-06 00:00:00-04:00,416.9,427.86,415.28,425.89,1189619,423.275975
2022-07-07 00:00:00-04:00,424.48,427.995,419.55,422.19,1333163,422.13596
2022-07-08 00:00:00-04:00,425.54,426.965,419.97,420.35,809631,421.726124
2022-07-11 00:00:00-04:00,417.9,423.0,415.38,419.07,671087,418.483421
2022-07-12 00:00:00-04:00,419.47,419.89,412.6,413.99,774874,415.430895
2022-07-13 00:00:00-04:00,409.11,417.77,407.73,408.0,1319550,410.740384
2022-07-14 00:00:00-04:00,403.19,405.37,397.52,400.31,1277221,400.790868
2022-07-15 00:00:00-04:00,403.71,403.71,397.81,398.38,1437737,399.369693
2022-07-18 00:00:00-04:00,399.97,400.0,387.03,387.28,2928114,391.768641
2022-07-19 00:00:00-04:00,378.82,390.57,373.67,390.38,3259008,386.152221
2022-07-20 00:00:00-04:00,390.66,397.48,385.665,395.22,1714527,394.101323
2022-07-21 00:00:00-04:00,394.32,395.55,389.64,395.2,1029423,393.616777
2022-07-22 00:00:00-04:00,399.95,401.97,393.46,394.74,855490,396.54863
2022-07-25 00:00:00-04:00,394.37,403.725,393.625,399.8,1170304,399.490871
2022-07-26 00:00:00-04:00,400.18,402.98,396.57,396.81,1108029,398.579368
2022-07-27 00:00:00-04:00,397.79,399.25,394.0,398.54,958691,397.475116
2022-07-28 00:00:00-04:00,399.15,406.77,396.14,406.08,1111782,403.763005
2022-07-29 00:00:00-04:00,406.49,414.15,402.0,413.81,1872685,412.054244
2022-08-01 00:00:00-04:00,418.24,428.5,416.64,419.28,1910662,420.099608
2022-08-02 00:00:00-04:00,425.01,432.835,419.1,428.78,2618671,428.693272
2022-08-03 00:00:00-04:00,427.27,431.76,419.6423,429.3,1458963,427.252666
2022-08-04 00:00:00-04:00,430.71,434.6525,426.89,428.13,1264218,430.117283
2022-08-05 00:00:00-04:00,425.26,427.8431,419.53,426.41,1041877,424.580889
2022-08-08 00:00:00-04:00,427.5,429.37,421.675,423.86,917279,424.475118
2022-08-09 00:00:00-04:00,426.95,431.88,425.7001,428.55,814581,429.004938
2022-08-10 00:00:00-04:00,430.07,432.25,426.34,429.99,1595994,430.349332
2022-08-11 00:00:00-04:00,429.24,432.49,427.2,428.85,1035143,429.225202
2022-08-12 00:00:00-04:00,428.9,434.29,427.19,434.24,1078693,431.06482
2022-08-15 00:00:00-04:00,432.68,439.97,429.855,438.01,1035213,437.372196
2022-08-16 00:00:00-04:00,436.92,445.0,436.92,440.16,928102,440.338873
2022-08-17 00:00:00-04:00,436.13,445.49,435.001,441.59,1068167,442.095799
2022-08-18 00:00:00-04:00,441.908,444.5799,436.87,439.35,931727,439.868616
2022-08-19 00:00:00-04:00,438.48,440.92,436.04,440.03,1140866,439.424094
2022-08-22 00:00:00-04:00,438.51,441.64,431.84,432.33,1210827,435.919143
2022-08-23 00:00:00-04:00,432.93,434.73,430.3,433.12,1068321,432.955466
2022-08-24 00:00:00-04:00,433.99,435.45,430.94,433.71,860294,433.438793
2022-08-25 00:00:00-04:00,433.71,438.84,432.43,438.64,805628,436.214422
2022-08-26 00:00:00-04:00,440.4,442.775,430.94,431.13,989001,434.096972
2022-08-29 00:00:00-04:00,427.66,433.9,426.48,429.68,947840,430.295918
2022-08-30 00:00:00-04:00,429.44,430.37,424.01,425.11,1088631,426.532006
2022-08-31 00:00:00-04:00,422.36,424.74,420.019,420.11,1154566,420.992664
2022-09-01 00:00:00-04:00,418.24,423.5821,417.8,422.61,1043525,421.277994
2022-09-02 00:00:00-04:00,424.99,425.69,417.55,418.57,961245,420.033812
2022-09-06 00:00:00-04:00,419.01,423.27,415.78,417.78,1078322,418.119262
2022-09-07 00:00:00-04:00,415.35,420.9,412.26,420.14,1339765,417.863811
2022-09-08 00:00:00-04:00,419.57,421.065,414.77,419.65,1280588,419.060702
2022-09-09 00:00:00-04:00,420.69,423.62,419.015,421.53,1388994,421.739267
2022-09-12 00:00:00-04:00,421.0,421.49,417.5,418.64,1538007,419.233188
2022-09-13 00:00:00-04:00,417.32,420.8,407.36,409.33,1847137,411.850427
2022-09-14 00:00:00-04:00,410.19,418.4,408.3,416.63,1133456,414.612204
2022-09-15 00:00:00-04:00,414.83,414.83,410.725,413.59,1362940,413.103478
2022-09-16 00:00:00-04:00,411.25,415.77,410.01,414.29,3075976,413.428338
2022-09-19 00:00:00-04:00,414.0,417.64,412.73,416.52,789482,415.59132
2022-09-20 00:00:00-04:00,416.0,421.41,412.34,420.58,1196909,418.392451
2022-09-21 00:00:00-04:00,427.99,433.786,420.03,420.2,2247134,427.481692
2022-09-22 00:00:00-04:00,419.83,424.72,413.0,422.08,1505643,420.931749
2022-09-23 00:00:00-04:00,419.78,420.01,407.5796,413.07,2137647,412.437476
2022-09-26 00:00:00-04:00,411.69,412.205,406.51,407.65,1391459,408.792026
2022-09-27 00:00:00-04:00,409.2,410.315,398.365,399.74,1187882,402.216492
2022-09-28 00:00:00-04:00,397.2,402.09,391.1,400.0,1318417,398.75171
2022-09-29 00:00:00-04:00,398.98,399.41,385.885,389.79,1244818,391.064217
2022-09-30 00:00:00-04:00,381.63,389.9,381.55,386.29,1611820,386.710345
2022-10-03 00:00:00-04:00,389.74,402.83,389.08,399.74,1404940,397.668589
2022-10-04 00:00:00-04:00,403.11,407.84,399.83,406.11,1227479,404.660411
2022-10-05 00:00:00-04:00,406.11,407.66,400.78,402.51,944358,403.850973
2022-10-06 00:00:00-04:00,401.62,403.595,398.08,399.61,858362,399.895237
2022-10-07 00:00:00-04:00,398.56,404.67,396.01,403.96,1278236,402.504878
2022-10-10 00:00:00-04:00,407.59,418.6299,406.15,409.99,1262706,410.310025
2022-10-11 00:00:00-04:00,405.66,416.155,405.66,411.06,1150166,411.444941
2022-10-12 00:00:00-04:00,406.93,408.9,397.14,397.42,1088433,400.127977
2022-10-13 00:00:00-04:00,393.0,407.05,391.2242,405.96,1109232,402.950849
2022-10-14 00:00:00-04:00,404.33,405.38,388.1,389.41,1500329,392.059671
2022-10-17 00:00:00-04:00,393.0,400.605,392.145,397.31,1864392,397.624855
2022-10-18 00:00:00-04:00,403.15,435.5094,401.54,431.84,4798017,425.192223
2022-10-19 00:00:00-04:00,433.97,447.565,430.35,439.96,2761375,439.583117
2022-10-20 00:00:00-04:00,439.62,445.31,437.95,444.34,1945378,442.523552
2022-10-21 00:00:00-04:00,443.72,454.69,440.15,454.61,1900074,451.261556
2022-10-24 00:00:00-04:00,459.08,466.1771,455.5601,457.46,2192904,459.74915
2022-10-25 00:00:00-04:00,454.05,463.535,452.19,460.15,1662507,459.395189
2022-10-26 00:00:00-04:00,462.17,470.64,460.46,462.56,1688071,464.927068
2022-10-27 00:00:00-04:00,464.58,474.175,464.4,471.93,1666120,471.19948
2022-10-28 00:00:00-04:00,474.0,491.14,472.3,484.87,2170806,484.831293
2022-10-31 00:00:00-04:00,480.45,488.23,479.4343,486.68,1483229,485.475001
2022-11-01 00:00:00-04:00,486.03,491.155,483.87,485.63,1436514,486.222456
2022-11-02 00:00:00-04:00,484.54,488.88,481.5,482.06,1457515,484.075647
2022-11-03 00:00:00-04:00,479.77,489.97,478.55,484.82,1389676,484.998835
2022-11-04 00:00:00-04:00,485.16,486.5,472.57,481.67,1526425,479.369167
2022-11-07 00:00:00-05:00,482.48,489.96,480.96,488.63,944759,487.166184
2022-11-08 00:00:00-05:00,488.88,494.66,486.8441,494.12,1220973,491.841073
2022-11-09 00:00:00-05:00,489.75,492.44,484.24,485.18,1383237,487.031217
2022-11-10 00:00:00-05:00,488.26,491.22,479.7,490.77,1601072,488.024855
2022-11-11 00:00:00-05:00,480.74,483.83,462.61,463.86,3044640,468.677849
2022-11-14 00:00:00-05:00,467.35,471.98,459.37,462.04,2286803,464.882009
2022-11-15 00:00:00-05:00,465.84,474.99,458.05,467.25,3272823,467.551084
2022-11-16 00:00:00-05:00,465.24,469.2599,461.59,466.24,1022748,466.645919
2022-11-17 00:00:00-05:00,465.0,474.78,464.26,472.77,1403073,471.73712
2022-11-18 00:00:00-05:00,473.63,480.87,472.77,476.82,2160259,477.114409
2022-11-21 00:00:00-05:00,478.49,483.96,478.23,480.94,1730774,481.482596
2022-11-22 00:00:00-05:00,482.97,484.26,479.2775,479.5,838407,480.678459
2022-11-23 00:00:00-05:00,479.78,482.99,478.72,481.07,1020415,480.846545
2022-11-25 00:00:00-05:00,484.3,484.5,481.415,483.46,321504,483.414047
2022-11-28 00:00:00-05:00,480.11,485.24,480.0,483.21,939150,483.157719
2022-11-29 00:00:00-05:00,483.1,485.095,481.74,484.1,802623,483.70218
2022-11-30 00:00:00-05:00,480.0,485.95,477.73,485.19,1469962,483.560312
2022-12-01 00:00:00-05:00,486.52,488.0,480.67,483.69,913652,483.605229
2022-12-02 00:00:00-05:00,481.81,498.95,481.81,496.23,1744310,494.783078
2022-12-05 00:00:00-05:00,490.87,494.98,488.32,490.67,1357208,491.186563
2022-12-06 00:00:00-05:00,491.32,491.32,482.2,484.0,1076620,485.243446
2022-12-07 00:00:00-05:00,484.3,489.24,480.475,481.2,999948,483.688025
2022-12-08 00:00:00-05:00,485.26,488.81,481.55,485.38,762292,485.733038
2022-12-09 00:00:00-05:00,485.64,490.36,483.21,483.58,856436,485.315903
2022-12-12 00:00:00-05:00,484.95,487.17,482.5,486.32,1129195,485.254077
2022-12-13 00:00:00-05:00,490.0,490.37,478.67,480.22,1731061,481.196419
2022-12-14 00:00:00-05:00,481.19,488.27,480.14,485.19,1071788,485.234418
2022-12-15 00:00:00-05:00,481.0,485.1,475.12,478.79,1067653,478.306754
2022-12-16 00:00:00-05:00,475.63,482.61,473.665,481.79,2590407,480.006012
2022-12-19 00:00:00-05:00,481.78,487.98,479.93,481.79,929944,482.938818
2022-12-20 00:00:00-05:00,482.88,491.4499,481.815,486.15,1014530,487.676128
2022-12-21 00:00:00-05:00,487.88,490.57,485.69,487.65,988276,487.715917
2022-12-22 00:00:00-05:00,486.5,486.82,473.95,479.3,1520980,479.097467
2022-12-23 00:00:00-05:00,479.5,484.1835,478.36,483.29,661254,482.384471
2022-12-27 00:00:00-05:00,485.0,489.24,483.5,485.5,788966,486.943639
2022-12-28 00:00:00-05:00,486.15,489.0,482.9,483.22,810358,485.20175
2022-12-29 00:00:00-05:00,484.0,489.57,483.3,487.05,764234,487.122456
2022-12-30 00:00:00-05:00,488.0,489.81,481.235,486.49,909496,485.432866
2023-01-03 00:00:00-05:00,483.39,484.25,474.01,477.53,1657329,477.704598
2023-01-04 00:00:00-05:00,473.25,479.7,469.3,476.5,1391458,475.035449
2023-01-05 00:00:00-05:00,475.69,478.1371,469.9,477.07,1210096,475.80749
2023-01-06 00:00:00-05:00,480.0,488.0,465.765,473.24,1969238,475.117666
2023-01-09 00:00:00-05:00,467.79,470.79,455.3001,458.99,2376959,461.125358
2023-01-10 00:00:00-05:00,462.18,465.47,456.895,462.29,1003543,462.204184
2023-01-11 00:00:00-05:00,463.37,465.55,461.04,463.0,1056366,463.261284
2023-01-12 00:00:00-05:00,462.99,465.88,459.19,461.74,936688,462.463082
2023-01-13 00:00:00-05:00,446.5,453.711,444.74,449.83,2208439,449.164244
2023-01-17 00:00:00-05:00,450.3,453.5,446.6701,447.16,1753149,448.631839
2023-01-18 00:00:00-05:00,447.16,448.2321,440.65,441.27,1645124,442.673403
2023-01-19 00:00:00-05:00,442.76,445.92,439.03,439.31,1470078,441.292416
2023-01-20 00:00:00-05:00,441.34,443.35,437.62,443.28,1409434,441.910602
2023-01-23 00:00:00-05:00,443.11,446.8313,440.86,441.28,1739634,442.832886
2023-01-24 00:00:00-05:00,442.17,450.96,437.69,449.23,2865003,446.496507
2023-01-25 00:00:00-05:00,448.0,455.81,444.8401,454.16,2352520,453.326265
2023-01-26 00:00:00-05:00,455.35,463.76,452.83,459.81,2169006,460.196433
2023-01-27 00:00:00-05:00,460.86,466.68,457.45,459.6,1587692,460.649431
2023-01-30 00:00:00-05:00,462.0,466.6999,459.9,460.59,1641993,462.247537
2023-01-31 00:00:00-05:00,462.28,463.48,459.01,463.26,2062014,462.471196
2023-02-01 00:00:00-05:00,462.51,465.28,459.8,462.25,1242598,462.12575
2023-02-02 00:00:00-05:00,458.37,460.43,453.92,457.19,2104724,457.446343
2023-02-03 00:00:00-05:00,459.27,462.6,454.94,459.08,1302898,458.567607
2023-02-06 00:00:00-05:00,463.58,469.77,462.75,469.1,1393473,466.601726
2023-02-07 00:00:00-05:00,472.55,472.99,463.1459,468.33,1334786,466.734635
2023-02-08 00:00:00-05:00,464.97,471.38,463.32,469.65,865028,469.202178
2023-02-09 00:00:00-05:00,472.43,474.3407,468.195,470.09,799047,470.921653
2023-02-10 00:00:00-05:00,472.38,481.86,472.38,480.83,1435980,478.62864
2023-02-13 00:00:00-05:00,485.19,489.5,480.1,481.97,1203050,482.896085
2023-02-14 00:00:00-05:00,482.45,485.0,479.6636,481.58,875679,481.845994
2023-02-15 00:00:00-05:00,480.83,484.2499,477.4,480.51,927174,480.193677
2023-02-16 00:00:00-05:00,477.0,477.58,466.1,471.25,1939493,472.252115
2023-02-17 00:00:00-05:00,471.79,475.66,470.84,475.63,1182252,474.113891
2023-02-21 00:00:00-05:00,480.51,482.4,475.2,479.19,1379425,479.027627
2023-02-22 00:00:00-05:00,478.81,481.67,477.47,479.53,900548,479.755349
2023-02-23 00:00:00-05:00,480.0,483.09,475.53,479.08,917415,478.724703
2023-02-24 00:00:00-05:00,479.46,481.8,477.3,480.4,1009265,479.743626
2023-02-27 00:00:00-05:00,480.53,484.1,477.19,479.49,1149228,479.693647
2023-02-28 00:00:00-05:00,477.04,478.53,471.82,474.26,1155631,474.603808
2023-03-01 00:00:00-05:00,473.27,477.215,471.29,474.33,957722,474.271955
2023-03-02 00:00:00-05:00,472.98,479.17,472.97,478.31,835810,477.259311
2023-03-03 00:00:00-05:00,478.9,479.5361,476.38,477.89,1060451,477.797025
2023-03-06 00:00:00-05:00,476.82,481.8,476.82,480.17,905744,479.805866
2023-03-07 00:00:00-05:00,481.5,485.09,478.0,478.66,1137895,480.133336
2023-03-08 00:00:00-05:00,481.04,487.6403,476.71,479.5,1253138,480.722099
2023-03-09 00:00:00-05:00,483.0,483.26,474.61,475.85,1035072,477.735787
2023-03-10 00:00:00-05:00,475.71,482.3,474.42,475.5,1335009,476.772187
2023-03-13 00:00:00-04:00,471.87,478.9044,470.795,477.33,1701155,475.98265
2023-03-14 00:00:00-04:00,480.29,481.27,474.87,478.87,1761423,477.726391
2023-03-15 00:00:00-04:00,475.0,475.13,464.5707,473.31,2273507,470.654353
2023-03-16 00:00:00-04:00,470.94,478.05,467.74,473.24,1633150,473.893886
2023-03-17 00:00:00-04:00,474.12,474.92,463.29,465.87,6525066,466.423796
2023-03-20 00:00:00-04:00,468.22,477.765,465.21,475.7,1515475,475.431261
2023-03-21 00:00:00-04:00,478.87,479.25,471.3,474.76,1069059,474.814511
2023-03-22 00:00:00-04:00,475.44,476.7699,468.32,468.9,1261876,471.334321
2023-03-23 00:00:00-04:00,468.63,470.95,466.5,467.9,1168501,468.151203
2023-03-24 00:00:00-04:00,467.9,475.67,467.1484,474.54,1125994,472.85193
2023-03-27 00:00:00-04:00,477.11,477.56,472.41,473.39,1273024,473.852026
2023-03-28 00:00:00-04:00,474.0,475.61,471.16,471.44,1076126,472.678596
2023-03-29 00:00:00-04:00,471.26,474.3,470.68,474.19,1146490,473.203912
2023-03-30 00:00:00-04:00,474.54,475.8,471.73,473.18,950392,473.561627
2023-03-31 00:00:00-04:00,474.19,475.35,471.03,472.73,1409645,472.63516
2023-04-03 00:00:00-04:00,473.0,487.9004,472.75,486.62,1656866,484.963847
2023-04-04 00:00:00-04:00,485.59,490.63,484.75,488.54,1081320,487.526141
2023-04-05 00:00:00-04:00,488.0,493.825,487.03,489.99,1305943,490.975754
2023-04-06 00:00:00-04:00,491.47,496.975,489.01,490.17,1093500,491.495875
2023-04-10 00:00:00-04:00,491.77,498.415,491.77,496.75,1024500,496.125199
2023-04-11 00:00:00-04:00,496.38,496.75,487.01,487.84,1224239,490.294879
2023-04-12 00:00:00-04:00,482.8,491.25,481.69,488.1,1105640,487.699615
2023-04-13 00:00:00-04:00,486.82,493.51,485.979,492.14,909542,490.988678
2023-04-14 00:00:00-04:00,489.94,491.5,485.11,487.99,842519,487.456161
2023-04-17 00:00:00-04:00,486.57,492.257,486.57,489.64,1287772,489.414512
2023-04-18 00:00:00-04:00,499.0,508.1,498.0,501.41,2561788,503.174846
2023-04-19 00:00:00-04:00,502.0,503.33,493.88,495.16,962227,497.068344
2023-04-20 00:00:00-04:00,495.83,495.83,489.06,490.6,839984,490.912583
2023-04-21 00:00:00-04:00,491.24,491.2834,480.61,482.55,1382525,483.171293
2023-04-24 00:00:00-04:00,482.39,483.53,478.72,480.92,955282,481.00002
2023-04-25 00:00:00-04:00,480.7,480.92,475.56,475.58,839245,477.120509
2023-04-26 00:00:00-04:00,473.95,473.95,459.6,461.62,1571857,462.523618
2023-04-27 00:00:00-04:00,461.85,466.33,461.15,465.0,1491502,464.331724
2023-04-28 00:00:00-04:00,464.82,466.16,462.395,464.45,1039907,464.077586
2023-05-01 00:00:00-04:00,465.04,471.08,464.55,469.43,1524523,468.74694
2023-05-02 00:00:00-04:00,468.38,468.53,457.25,458.89,1105493,459.666901
2023-05-03 00:00:00-04:00,458.2,459.4748,452.69,453.07,1116729,454.831212
2023-05-04 00:00:00-04:00,453.66,454.04,446.21,451.93,962887,450.722258
2023-05-05 00:00:00-04:00,452.69,457.1,452.08,455.54,929970,454.511994
2023-05-08 00:00:00-04:00,456.49,458.3,450.065,450.96,808318,452.263443
2023-05-09 00:00:00-04:00,452.9,453.9099,450.1001,452.04,623917,452.244651
2023-05-10 00:00:00-04:00,452.81,453.29,448.71,453.15,851078,451.899092
2023-05-11 00:00:00-04:00,450.58,452.2195,448.54,450.69,645427,450.218851
2023-05-12 00:00:00-04:00,452.8,453.87,447.8,450.79,696490,450.498048
2023-05-15 00:00:00-04:00,450.79,453.35,449.42,451.92,668310,451.491729
2023-05-16 00:00:00-04:00,452.09,452.44,447.66,447.73,569703,449.051445
2023-05-17 00:00:00-04:00,450.0,458.41,449.94,457.3,1101942,455.674936
2023-05-18 00:00:00-04:00,455.41,456.74,449.4,455.75,1456533,454.681738
2023-05-19 00:00:00-04:00,457.03,458.27,452.86,454.49,804140,455.054133
2023-05-22 00:00:00-04:00,454.0,457.365,451.5903,454.72,628089,454.570713
2023-05-23 00:00:00-04:00,452.11,456.4,450.0,452.63,1027289,453.081177
2023-05-24 00:00:00-04:00,453.24,456.7431,451.18,452.72,858759,453.656817
2023-05-25 00:00:00-04:00,451.5,451.5,439.7,442.83,1205011,442.729189
2023-05-26 00:00:00-04:00,442.86,451.77,442.1,448.45,1135468,448.318784
2023-05-30 00:00:00-04:00,448.08,449.05,444.24,447.97,1163307,447.545329
2023-05-31 00:00:00-04:00,444.62,445.93,443.0,444.01,1673655,444.20233
2023-06-01 00:00:00-04:00,445.6,450.78,443.4201,449.67,878677,448.513399
2023-06-02 00:00:00-04:00,452.12,456.355,450.555,454.49,904658,454.013017
2023-06-05 00:00:00-04:00,456.14,456.94,452.48,454.69,873927,455.302656
2023-06-06 00:00:00-04:00,456.52,459.34,454.3944,458.63,816865,457.540052
2023-06-07 00:00:00-04:00,458.12,463.75,455.01,461.75,893317,459.831221
2023-06-08 00:00:00-04:00,462.18,466.42,461.46,464.17,863513,464.216488
2023-06-09 00:00:00-04:00,465.39,465.39,460.39,462.69,713250,462.746689
2023-06-12 00:00:00-04:00,462.79,462.87,458.18,459.87,954660,459.755413
2023-06-13 00:00:00-04:00,456.01,456.9699,445.89,452.37,1486493,452.120866
2023-06-14 00:00:00-04:00,451.41,453.42,448.57,452.55,945892,451.876035
2023-06-15 00:00:00-04:00,454.0,458.5059,453.92,455.95,892549,456.377048
2023-06-16 00:00:00-04:00,457.73,461.77,456.6,459.17,1642808,458.665155
2023-06-20 00:00:00-04:00,459.48,461.89,457.48,458.38,775251,459.36864
2023-06-21 00:00:00-04:00,461.06,467.17,458.01,466.04,907074,464.901348
2023-06-22 00:00:00-04:00,465.52,466.05,461.5,463.43,688682,463.281294
2023-06-23 00:00:00-04:00,463.52,465.42,458.13,459.36,1348447,460.040468
2023-06-26 00:00:00-04:00,455.94,456.16,446.68,452.8,997177,451.556221
2023-06-27 00:00:00-04:00,452.79,455.63,452.42,453.15,671167,453.541803
2023-06-28 00:00:00-04:00,453.58,453.76,447.46,449.66,848995,448.941418
2023-06-29 00:00:00-04:00,449.92,457.53,448.78,457.44,684263,455.647294
2023-06-30 00:00:00-04:00,459.24,462.67,456.79,460.38,954228,459.938284
2023-07-03 00:00:00-04:00,460.0,463.33,457.55,462.58,384003,461.610118
2023-07-05 00:00:00-04:00,461.57,463.3499,458.935,462.76,625510,461.443817
2023-07-06 00:00:00-04:00,463.0,463.0,459.34,461.64,675970,461.589307
2023-07-07 00:00:00-04:00,460.0,461.89,458.1,458.71,642167,459.493644
2023-07-10 00:00:00-04:00,458.5,462.59,458.05,460.38,718376,460.485689
2023-07-11 00:00:00-04:00,461.27,467.1,459.79,466.29,709255,464.799424
2023-07-12 00:00:00-04:00,467.2,467.22,461.12,461.96,1067255,463.002533
2023-07-13 00:00:00-04:00,461.0,467.44,460.33,466.38,821866,465.553422
2023-07-14 00:00:00-04:00,466.0,466.52,462.36,464.31,933204,464.419565
2023-07-17 00:00:00-04:00,466.29,473.9899,465.62,469.97,1890263,471.162581
2023-07-18 00:00:00-04:00,474.37,479.5,454.2841,455.7,3122614,461.910075
2023-07-19 00:00:00-04:00,457.0,459.2832,448.11,451.51,2141502,451.501354
2023-07-20 00:00:00-04:00,452.63,458.2,452.0001,456.01,1354030,455.85193
2023-07-21 00:00:00-04:00,454.81,456.935,453.35,454.76,934415,454.733819
2023-07-24 00:00:00-04:00,456.0,457.945,454.0364,456.8,892433,456.433922
2023-07-25 00:00:00-04:00,452.43,454.76,447.42,454.15,1207813,452.178022
2023-07-26 00:00:00-04:00,454.33,457.05,451.87,452.81,1322293,453.841471
2023-07-27 00:00:00-04:00,451.5,452.42,445.32,448.64,1603780,448.76139
2023-07-28 00:00:00-04:00,448.0,450.65,446.49,449.0,1163176,449.181255
2023-07-31 00:00:00-04:00,449.71,449.71,444.63,446.37,1806449,446.391574
2023-08-01 00:00:00-04:00,447.03,453.12,446.9,451.28,1048013,450.610415
2023-08-02 00:00:00-04:00,451.28,453.13,447.91,448.56,905975,449.782007
2023-08-03 00:00:00-04:00,447.32,450.2,445.98,447.92,1240780,448.675818
2023-08-04 00:00:00-04:00,448.58,450.29,445.31,445.72,846952,447.26261
2023-08-07 00:00:00-04:00,447.32,450.47,446.276,449.78,746804,449.242609
2023-08-08 00:00:00-04:00,449.0,450.51,447.57,449.47,791638,449.220898
2023-08-09 00:00:00-04:00,450.08,454.05,449.99,452.81,1211810,452.651903
2023-08-10 00:00:00-04:00,452.0,453.97,449.26,450.05,688916,451.037393
2023-08-11 00:00:00-04:00,451.18,454.09,450.52,454.05,690707,453.292246
2023-08-14 00:00:00-04:00,454.59,455.61,449.66,450.08,752748,451.791612
2023-08-15 00:00:00-04:00,448.0,450.0,443.28,443.58,725275,445.414226
2023-08-16 00:00:00-04:00,442.86,447.03,442.3,445.13,821966,444.913906
2023-08-17 00:00:00-04:00,446.64,450.22,446.435,446.68,635779,447.723856
2023-08-18 00:00:00-04:00,445.42,455.365,445.38,450.06,1075715,451.100968
2023-08-21 00:00:00-04:00,449.84,453.03,449.0,451.49,573503,451.433806
2023-08-22 00:00:00-04:00,451.74,453.89,450.46,452.94,671895,452.367534
2023-08-23 00:00:00-04:00,454.58,454.89,452.085,454.57,1043313,454.046956
2023-08-24 00:00:00-04:00,453.26,457.67,452.44,452.55,697790,454.657133
2023-08-25 00:00:00-04:00,455.26,455.26,449.06,451.09,785306,451.61604
2023-08-28 00:00:00-04:00,450.81,453.33,450.2701,452.32,641013,452.049518
2023-08-29 00:00:00-04:00,452.32,453.26,444.49,448.4,1053749,448.184924
2023-08-30 00:00:00-04:00,449.44,455.92,448.485,452.41,876093,453.039874
2023-08-31 00:00:00-04:00,450.82,453.62,448.14,448.35,826501,449.94726
2023-09-01 00:00:00-04:00,450.32,451.89,447.78,448.18,668746,449.039314
2023-09-05 00:00:00-04:00,448.0,448.33,445.05,445.19,854112,446.027964
2023-09-06 00:00:00-04:00,440.24,441.34,423.66,423.94,2547967,428.13679
2023-09-07 00:00:00-04:00,424.0,427.775,422.0,425.94,1195778,425.533592
2023-09-08 00:00:00-04:00,426.33,426.44,422.25,423.09,1162522,423.872695
2023-09-11 00:00:00-04:00,422.22,422.725,416.515,420.66,1618480,419.503767
2023-09-12 00:00:00-04:00,419.54,420.1125,415.94,417.83,1307739,417.909032
2023-09-13 00:00:00-04:00,419.82,422.25,418.5801,420.99,971570,420.532449
2023-09-14 00:00:00-04:00,420.73,426.655,420.73,425.89,992409,424.568686
2023-09-15 00:00:00-04:00,423.91,428.88,423.71,424.05,1681583,424.69841
2023-09-18 00:00:00-04:00,427.66,431.45,426.6,429.86,951207,429.910298
2023-09-19 00:00:00-04:00,430.25,431.075,425.06,425.31,862437,426.344438
2023-09-20 00:00:00-04:00,426.95,430.85,426.67,426.95,1044263,428.199434
2023-09-21 00:00:00-04:00,425.73,426.61,417.19,417.54,1669759,420.374516
2023-09-22 00:00:00-04:00,415.94,417.5,413.225,413.65,1453372,414.509343
2023-09-25 00:00:00-04:00,413.23,413.95,411.51,412.9,748376,412.911517
2023-09-26 00:00:00-04:00,410.63,411.27,407.7472,408.75,1107966,408.996863
2023-09-27 00:00:00-04:00,409.18,410.0,405.72,408.72,1317759,407.911367
2023-09-28 00:00:00-04:00,409.9,412.86,408.815,410.96,819810,410.944948
2023-09-29 00:00:00-04:00,410.96,411.4469,407.59,408.96,764064,409.077373
2023-10-02 00:00:00-04:00,408.96,410.9899,405.89,407.82,733312,408.109417
2023-10-03 00:00:00-04:00,407.39,407.5,402.59,403.83,899182,404.001588
2023-10-04 00:00:00-04:00,400.66,402.0,397.105,401.33,1243459,400.043602
2023-10-05 00:00:00-04:00,400.96,401.4299,394.62,397.35,1162795,397.593488
2023-10-06 00:00:00-04:00,395.4,402.415,393.77,400.73,1135595,399.162692
2023-10-09 00:00:00-04:00,428.72,436.6,423.39,436.53,5343748,432.17121
2023-10-10 00:00:00-04:00,441.52,442.62,432.53,435.1,2626168,435.608535
2023-10-11 00:00:00-04:00,434.72,438.8,433.3,436.65,1419534,436.020176
2023-10-12 00:00:00-04:00,438.05,439.09,430.1098,434.14,1122111,434.101433
2023-10-13 00:00:00-04:00,438.53,443.12,434.67,441.06,1520907,440.14454
2023-10-16 00:00:00-04:00,439.42,443.4995,434.39,440.41,1931318,438.832452
2023-10-17 00:00:00-04:00,436.56,452.79,435.13,441.13,3103949,443.066676
2023-10-18 00:00:00-04:00,443.31,447.89,440.2668,446.07,2024124,445.147581
2023-10-19 00:00:00-04:00,443.66,449.67,442.1915,449.18,2012401,447.750072
2023-10-20 00:00:00-04:00,451.37,452.6,444.01,444.17,1715063,447.582758
2023-10-23 00:00:00-04:00,444.21,452.06,443.49,446.16,1502366,448.291999
2023-10-24 00:00:00-04:00,449.13,450.61,440.34,440.9,1367136,443.238085
2023-10-25 00:00:00-04:00,444.34,449.38,443.68,447.69,1228870,447.40786
2023-10-26 00:00:00-04:00,448.01,451.09,443.68,445.97,1432132,447.309291
2023-10-27 00:00:00-04:00,443.42,447.6587,440.235,443.39,1288649,443.125809
2023-10-30 00:00:00-04:00,444.42,446.86,442.8,445.84,948803,445.517098
2023-10-31 00:00:00-04:00,447.3,455.13,445.41,454.64,1418805,452.113293
2023-11-01 00:00:00-04:00,456.33,456.7,451.46,452.38,1267032,453.006558
2023-11-02 00:00:00-04:00,450.75,458.224,450.75,458.04,1242241,456.366733
2023-11-03 00:00:00-04:00,455.11,457.76,451.13,453.34,1365626,454.116642
2023-11-06 00:00:00-05:00,454.84,454.84,450.64,451.16,1440997,451.801485
2023-11-07 00:00:00-05:00,453.16,453.16,449.69,450.15,1220144,450.736612
2023-11-08 00:00:00-05:00,450.15,451.7713,444.03,444.66,1386408,445.799081
2023-11-09 00:00:00-05:00,445.41,445.61,439.6754,442.46,1775623,442.830834
2023-11-10 00:00:00-05:00,444.01,445.83,440.97,444.87,1525619,443.399928
2023-11-13 00:00:00-05:00,445.0,448.57,443.29,445.03,1003948,445.806125
2023-11-14 00:00:00-05:00,443.0,446.73,441.86,444.22,1336853,444.30991
2023-11-15 00:00:00-05:00,443.47,448.01,443.47,445.14,1098464,445.637127
2023-11-16 00:00:00-05:00,445.8,447.67,443.55,445.59,912980,445.148611
2023-11-17 00:00:00-05:00,446.64,447.23,444.22,444.68,898625,445.429166
2023-11-20 00:00:00-05:00,444.03,445.59,440.76,443.81,982114,443.920447
2023-11-21 00:00:00-05:00,445.0,448.57,444.155,448.15,1177878,447.292316
2023-11-22 00:00:00-05:00,447.5,451.7,447.5,450.4,833765,450.048667
2023-11-24 00:00:00-05:00,451.69,452.59,449.74,452.01,326645,451.549534
2023-11-27 00:00:00-05:00,451.86,452.8299,445.43,445.49,1497005,446.437098
2023-11-28 00:00:00-05:00,447.86,450.88,446.0,448.27,1124950,448.992235
2023-11-29 00:00:00-05:00,449.54,449.54,443.91,445.01,1272912,445.299363
2023-11-30 00:00:00-05:00,443.0,447.86,442.51,447.77,1514695,447.104279
2023-12-01 00:00:00-05:00,448.4,450.66,448.15,449.41,856930,449.411602
2023-12-04 00:00:00-05:00,447.37,450.96,446.11,450.69,1265775,449.545024
2023-12-05 00:00:00-05:00,450.29,450.6437,445.9,446.24,1055774,447.411106
2023-12-06 00:00:00-05:00,445.5,450.44,445.5,449.41,864227,448.797581
2023-12-07 00:00:00-05:00,450.42,451.39,446.29,447.11,861191,447.648266
2023-12-08 00:00:00-05:00,448.57,450.53,447.4595,448.02,761176,448.406974
2023-12-11 00:00:00-05:00,451.88,453.26,449.51,451.26,1021581,450.719594
2023-12-12 00:00:00-05:00,451.68,453.75,450.37,451.63,1008242,451.836079
2023-12-13 00:00:00-05:00,452.95,454.19,450.5,451.44,1300365,451.967096
2023-12-14 00:00:00-05:00,450.51,450.87,441.44,445.27,1891203,445.535768
2023-12-15 00:00:00-05:00,441.0,444.545,438.71,441.81,3973469,441.538958
2023-12-18 00:00:00-05:00,442.71,447.26,442.27,446.91,1197385,446.404158
2023-12-19 00:00:00-05:00,447.68,448.59,446.15,447.79,695031,447.401808
2023-12-20 00:00:00-05:00,448.04,448.5499,442.57,442.6,1306864,444.626685
2023-12-21 00:00:00-05:00,444.24,448.1,444.215,448.02,637239,447.347051
2023-12-22 00:00:00-05:00,450.0,451.74,448.11,448.22,623775,449.29676
2023-12-26 00:00:00-05:00,448.15,451.44,447.82,450.18,516985,450.220686
2023-12-27 00:00:00-05:00,448.55,451.0185,448.41,448.97,699955,449.326584
2023-12-28 00:00:00-05:00,448.97,451.825,448.46,451.23,741854,450.954986
2023-12-29 00:00:00-05:00,452.0,453.5,451.148,453.24,832537,452.638215
2024-01-02 00:00:00-05:00,454.3,462.05,454.3,456.12,1206678,457.822336
2024-01-03 00:00:00-05:00,458.79,464.1,457.805,459.12,1174302,460.046449
2024-01-04 00:00:00-05:00,462.31,463.95,457.77,457.87,1087809,460.260949
2024-01-05 00:00:00-05:00,460.04,460.11,453.27,456.5,705324,455.966334
2024-01-08 00:00:00-05:00,454.41,458.69,453.5301,458.6,716216,457.402105
2024-01-09 00:00:00-05:00,458.55,458.61,453.27,456.29,733045,455.633868
2024-01-10 00:00:00-05:00,456.2,459.655,454.78,455.4,666085,456.128438
2024-01-11 00:00:00-05:00,456.56,457.8,449.36,453.13,784784,452.498549
2024-01-12 00:00:00-05:00,457.37,463.38,456.53,463.18,966475,461.211192
2024-01-16 00:00:00-05:00,466.27,466.27,456.36,457.84,814920,459.28745
2024-01-17 00:00:00-05:00,457.67,462.79,455.08,456.47,920830,457.732079
2024-01-18 00:00:00-05:00,456.1,459.98,453.54,459.57,780470,458.13264
2024-01-19 00:00:00-05:00,460.56,460.85,455.96,457.76,866575,458.260967
2024-01-22 00:00:00-05:00,457.59,460.825,455.44,458.76,1216791,458.977409
2024-01-23 00:00:00-05:00,458.59,459.0,433.89,439.67,3613453,442.117603
2024-01-24 00:00:00-05:00,439.52,443.2,431.545,431.65,1768872,434.816331
2024-01-25 00:00:00-05:00,430.0,433.9427,425.75,431.04,1813860,429.92595
2024-01-26 00:00:00-05:00,431.97,433.4226,426.71,429.91,1260544,429.374064
2024-01-29 00:00:00-05:00,431.0,432.03,425.57,428.01,1903320,428.380557
2024-01-30 00:00:00-05:00,431.27,431.85,427.775,431.68,1016375,430.557927
2024-01-31 00:00:00-05:00,432.35,433.72,429.0574,429.41,1120062,430.506597
2024-02-01 00:00:00-05:00,430.23,431.77,426.7,429.77,1175196,428.987609
2024-02-02 00:00:00-05:00,428.14,428.895,424.38,425.97,973880,426.495808
2024-02-05 00:00:00-05:00,424.0,424.37,419.83,421.7,1379621,421.511805
2024-02-06 00:00:00-05:00,421.98,429.02,420.36,426.95,1065843,426.242778
2024-02-07 00:00:00-05:00,426.54,430.29,426.54,430.1,980872,429.375671
2024-02-08 00:00:00-05:00,429.36,429.7516,425.73,427.0,972223,427.113192
2024-02-09 00:00:00-05:00,427.53,427.665,424.47,426.5,1038785,426.451239
2024-02-12 00:00:00-05:00,426.75,430.55,426.0,428.07,1007277,428.735285
2024-02-13 00:00:00-05:00,429.34,431.9,423.24,426.52,1089533,426.425971
2024-02-14 00:00:00-05:00,427.68,428.5,413.92,418.19,2503797,419.102745
2024-02-15 00:00:00-05:00,418.58,423.35,418.58,423.12,1136780,421.847072
2024-02-16 00:00:00-05:00,423.12,425.16,422.54,424.07,805983,423.952325
2024-02-20 00:00:00-05:00,425.19,428.29,423.7701,424.27,1364125,425.774854
2024-02-21 00:00:00-05:00,426.21,428.22,424.37,427.55,970022,427.043571
2024-02-22 00:00:00-05:00,425.09,429.48,423.8325,428.89,1236978,427.445236
2024-02-23 00:00:00-05:00,428.87,431.43,428.2,431.12,842229,430.645762
2024-02-26 00:00:00-05:00,431.5,432.45,426.79,429.18,980642,429.18703
2024-02-27 00:00:00-05:00,428.68,431.23,426.5,430.43,886991,429.858017
2024-02-28 00:00:00-05:00,431.88,435.02,430.8401,432.48,1029529,433.039648
2024-02-29 00:00:00-05:00,429.33,430.75,427.56,428.24,1503319,428.636294
2024-03-01 00:00:00-05:00,427.9,428.91,424.0001,426.46,1059046,426.032052
2024-03-04 00:00:00-05:00,428.57,433.88,426.95,431.94,1271868,431.859083
2024-03-05 00:00:00-05:00,433.74,436.01,429.76,431.98,1038169,432.63268
2024-03-06 00:00:00-05:00,431.98,433.81,430.915,433.48,775393,432.875051
2024-03-07 00:00:00-05:00,434.0,435.58,429.48,429.99,1086001,430.623686
2024-03-08 00:00:00-05:00,428.5,432.98,427.57,432.9,763168,431.102606
2024-03-11 00:00:00-04:00,434.31,436.01,432.6,434.75,950995,434.358633
2024-03-12 00:00:00-04:00,432.92,435.775,432.35,434.91,825086,434.591492
2024-03-13 00:00:00-04:00,435.71,437.79,433.74,434.6,987112,435.058114
2024-03-14 00:00:00-04:00,436.36,437.61,433.3,435.77,1153598,435.454253
2024-03-15 00:00:00-04:00,433.15,438.21,433.15,435.82,5151336,435.757268
2024-03-18 00:00:00-04:00,435.82,436.09,431.68,433.2,965427,433.49437
2024-03-19 00:00:00-04:00,435.25,437.29,433.98,437.19,898856,436.411005
2024-03-20 00:00:00-04:00,437.03,440.958,436.56,440.41,844995,439.771409
2024-03-21 00:00:00-04:00,441.36,443.89,439.3301,443.16,912244,442.55679
2024-03-22 00:00:00-04:00,444.5,446.25,443.67,445.88,1008295,445.34321
2024-03-25 00:00:00-04:00,447.86,448.55,444.813,446.31,775124,446.009134
2024-03-26 00:00:00-04:00,446.5,448.62,445.855,445.99,766716,446.382528
2024-03-27 00:00:00-04:00,447.88,457.11,447.86,456.78,1277694,454.359596
2024-03-28 00:00:00-04:00,456.8,457.11,453.95,454.87,1119541,455.074257
2024-04-01 00:00:00-04:00,454.14,455.36,451.22,452.79,717234,452.937337
2024-04-02 00:00:00-04:00,453.63,455.69,452.56,453.24,837966,453.715735
2024-04-03 00:00:00-04:00,452.92,454.1469,447.59,447.9,758767,448.913734
2024-04-04 00:00:00-04:00,450.26,455.98,447.145,454.04,1398347,452.571627
2024-04-05 00:00:00-04:00,452.41,455.5732,449.85,455.38,892120,453.590634
2024-04-08 00:00:00-04:00,456.0,457.0,452.27,452.38,751180,453.510247
2024-04-09 00:00:00-04:00,448.69,452.06,446.18,447.57,842962,447.998298
2024-04-10 00:00:00-04:00,444.69,452.61,442.835,451.71,1247755,448.982722
2024-04-11 00:00:00-04:00,451.5,453.75,448.945,452.32,942782,451.851212
2024-04-12 00:00:00-04:00,454.11,457.9799,450.11,450.4,1250590,452.677828
2024-04-15 00:00:00-04:00,458.99,459.3001,451.63,453.08,2442119,454.718323
2024-04-16 00:00:00-04:00,454.71,458.85,453.6251,454.31,1452309,455.706219
2024-04-17 00:00:00-04:00,456.71,457.24,451.7301,456.05,848290,454.914548
2024-04-18 00:00:00-04:00,454.84,458.05,454.2675,456.09,715044,456.013888
2024-04-19 00:00:00-04:00,457.8,465.36,457.28,463.87,1388020,462.959738
2024-04-22 00:00:00-04:00,465.23,469.54,460.41,461.33,1820925,463.441795
2024-04-23 00:00:00-04:00,466.11,473.54,457.66,460.08,1789487,462.436687
2024-04-24 00:00:00-04:00,462.7,463.69,456.06,459.14,1018853,459.068322
2024-04-25 00:00:00-04:00,457.95,465.6,457.5263,464.78,927710,463.066836
2024-04-26 00:00:00-04:00,463.9,466.0,459.17,461.29,857964,461.630812
2024-04-29 00:00:00-04:00,461.99,467.65,461.955,467.55,951555,466.601688
2024-04-30 00:00:00-04:00,467.08,467.975,463.615,464.93,711757,465.357034
2024-05-01 00:00:00-04:00,462.61,465.4,460.56,461.73,995050,462.260462
2024-05-02 00:00:00-04:00,461.1,463.6,459.0,463.2,1011394,462.023624
2024-05-03 00:00:00-04:00,462.93,462.93,457.1701,461.91,910781,461.070616
2024-05-06 00:00:00-04:00,463.16,463.4999,460.18,462.78,796391,462.104625
2024-05-07 00:00:00-04:00,464.0,466.81,463.16,466.68,723436,465.521488
2024-05-08 00:00:00-04:00,467.5,468.0,463.78,466.16,599051,466.128332
2024-05-09 00:00:00-04:00,466.08,468.76,465.2101,468.39,595046,467.872271
2024-05-10 00:00:00-04:00,469.0,470.62,467.975,468.88,482564,469.147359
2024-05-13 00:00:00-04:00,469.88,472.345,469.5,470.56,634358,470.585491
2024-05-14 00:00:00-04:00,471.11,471.11,466.8,467.18,565691,467.799456
2024-05-15 00:00:00-04:00,466.28,467.4,463.51,464.08,804062,464.703506
2024-05-16 00:00:00-04:00,463.6,468.32,453.0,464.83,1130786,464.807195
2024-05-17 00:00:00-04:00,465.84,467.0,463.15,466.2,677219,465.754534
2024-05-20 00:00:00-04:00,467.77,468.77,464.92,467.08,735291,466.92813
2024-05-21 00:00:00-04:00,468.0,469.12,466.84,468.31,558976,468.107403
2024-05-22 00:00:00-04:00,467.47,469.9,466.78,469.71,548809,468.970355
2024-05-23 00:00:00-04:00,468.09,469.68,466.23,467.08,866955,467.509579
2024-05-24 00:00:00-04:00,467.67,468.66,465.47,467.35,513802,466.945798
2024-05-28 00:00:00-04:00,465.61,466.0,457.25,458.48,1150758,459.201573
2024-05-29 00:00:00-04:00,455.98,456.0,451.8,452.72,1267964,453.510788
2024-05-30 00:00:00-04:00,455.0,462.94,455.0,460.94,1173703,460.728918
2024-05-31 00:00:00-04:00,460.9,470.36,459.49,470.34,1651560,468.45214
2024-06-03 00:00:00-04:00,466.0,470.52,465.01,467.6,990132,467.437489
2024-06-04 00:00:00-04:00,467.51,470.16,466.16,468.89,845778,468.714245
2024-06-05 00:00:00-04:00,468.42,468.85,463.618,465.23,915412,465.515799
2024-06-06 00:00:00-04:00,465.23,469.79,464.35,468.62,768313,467.901575
2024-06-07 00:00:00-04:00,468.81,475.29,468.62,470.13,1042800,471.840647
2024-06-10 00:00:00-04:00,470.75,470.75,465.755,467.46,900460,467.411354
2024-06-11 00:00:00-04:00,465.68,466.5834,462.575,462.8,908416,463.681995
2024-06-12 00:00:00-04:00,462.3,463.23,457.665,459.11,1026596,459.809232
2024-06-13 00:00:00-04:00,458.64,459.75,456.01,458.56,742025,458.073303
2024-06-14 00:00:00-04:00,456.5,458.56,454.44,458.34,702880,457.018895
2024-06-17 00:00:00-04:00,457.75,459.19,456.305,459.01,669784,458.258503
2024-06-18 00:00:00-04:00,459.8,460.7,457.39,460.0,658084,459.701144
2024-06-20 00:00:00-04:00,460.0,467.4899,459.16,466.34,1041412,465.332736
2024-06-21 00:00:00-04:00,467.15,469.8,463.65,467.6,3365244,467.584126
2024-06-24 00:00:00-04:00,468.96,475.69,467.82,471.51,1031607,471.873218
2024-06-25 00:00:00-04:00,470.82,471.62,466.66,468.07,715816,468.429094
2024-06-26 00:00:00-04:00,467.0,468.1,463.72,466.99,932061,466.760771
2024-06-27 00:00:00-04:00,468.88,468.88,465.305,467.13,871215,467.187699
2024-06-28 00:00:00-04:00,470.05,471.7499,464.87,467.1,3470093,467.513535
2024-07-01 00:00:00-04:00,470.77,471.68,464.76,466.44,562562,467.050282
2024-07-02 00:00:00-04:00,465.6,466.67,464.0201,465.7,502492,465.326667
2024-07-03 00:00:00-04:00,465.49,466.47,464.1298,466.03,313283,465.539963
2024-07-05 00:00:00-04:00,464.98,465.0,459.69,462.16,631595,461.780224
2024-07-08 00:00:00-04:00,462.68,464.57,461.12,461.76,447867,462.258947
2024-07-09 00:00:00-04:00,461.7,462.6199,459.76,460.3,537209,460.661329
2024-07-10 00:00:00-04:00,460.37,461.39,457.25,461.01,655973,459.430788
2024-07-11 00:00:00-04:00,459.92,465.77,456.11,460.38,1132976,460.955712
2024-07-12 00:00:00-04:00,462.36,464.9,459.53,463.73,579436,463.111079
2024-07-15 00:00:00-04:00,466.71,467.25,462.78,463.88,783092,464.532673
2024-07-16 00:00:00-04:00,463.75,469.19,463.75,468.58,736547,467.955516
2024-07-17 00:00:00-04:00,470.0,476.775,469.7045,476.07,1123060,475.06715
2024-07-18 00:00:00-04:00,474.5,480.86,473.015,476.0,981061,476.820438
2024-07-19 00:00:00-04:00,479.54,479.54,472.8143,474.92,889361,475.171724
2024-07-22 00:00:00-04:00,475.0,476.13,472.85,474.59,881562,474.305259
2024-07-23 00:00:00-04:00,488.84,501.77,482.86,501.29,2579132,494.8562
2024-07-24 00:00:00-04:00,505.0,519.59,501.41,515.2,2580066,512.576334
2024-07-25 00:00:00-04:00,515.0,526.69,512.87,521.4,1923901,522.218791
2024-07-26 00:00:00-04:00,522.29,528.64,520.011,524.8,1141310,525.23386
2024-07-29 00:00:00-04:00,523.0,529.46,519.26,527.64,961345,526.388019
2024-07-30 00:00:00-04:00,527.95,538.46,525.03,537.66,1234234,534.436004
2024-07-31 00:00:00-04:00,543.0,547.0,538.18,541.92,1481529,541.976573
2024-08-01 00:00:00-04:00,544.04,549.12,540.69,548.86,1271748,546.587536
2024-08-02 00:00:00-04:00,551.12,561.12,541.39,548.77,1484756,549.679538
2024-08-05 00:00:00-04:00,553.16,562.6,538.24,545.38,1683773,546.005809
2024-08-06 00:00:00-04:00,545.98,549.48,541.14,541.56,1033745,544.434296
2024-08-07 00:00:00-04:00,539.87,552.17,536.7374,548.51,1306584,547.625674
2024-08-08 00:00:00-04:00,545.51,553.685,543.69,551.62,846337,550.819231
2024-08-09 00:00:00-04:00,552.16,553.6107,548.1295,551.58,825286,551.382359
2024-08-12 00:00:00-04:00,551.07,557.56,550.4,556.91,793920,555.694831
2024-08-13 00:00:00-04:00,556.9,559.69,552.31,559.42,793610,557.395955
2024-08-14 00:00:00-04:00,558.08,564.22,557.0,563.22,796727,562.590557
2024-08-15 00:00:00-04:00,561.8,564.08,558.83,560.29,974590,560.332902
2024-08-16 00:00:00-04:00,561.3,562.425,557.0,560.13,912022,559.95874
2024-08-19 00:00:00-04:00,555.32,562.76,555.25,558.39,709735,558.626158
2024-08-20 00:00:00-04:00,557.97,558.9,550.96,557.01,972254,555.585343
2024-08-21 00:00:00-04:00,558.38,559.9899,553.31,553.76,883062,555.514188
2024-08-22 00:00:00-04:00,554.18,558.1801,553.2701,557.03,774578,556.29295
2024-08-23 00:00:00-04:00,558.0,558.87,552.78,555.01,870355,555.068139
2024-08-26 00:00:00-04:00,556.11,560.14,556.11,558.1,795360,558.227081
2024-08-27 00:00:00-04:00,559.45,562.1901,557.02,560.41,749831,560.332185
2024-08-28 00:00:00-04:00,562.2,568.73,561.78,563.98,829310,564.818929
2024-08-29 00:00:00-04:00,564.0,568.57,563.0,566.85,662462,566.693498
2024-08-30 00:00:00-04:00,564.97,569.09,562.55,568.1,1082809,567.273157
2024-09-03 00:00:00-04:00,567.33,572.0,565.19,567.22,1267110,567.777808
2024-09-04 00:00:00-04:00,569.34,578.73,568.72,574.78,941774,574.637205
2024-09-05 00:00:00-04:00,575.2,575.92,564.41,568.59,841029,568.049525
2024-09-06 00:00:00-04:00,569.05,572.11,564.95,566.63,976688,567.41553
2024-09-09 00:00:00-04:00,567.51,578.0,567.48,576.57,810168,575.534774
2024-09-10 00:00:00-04:00,577.56,577.8525,570.42,572.19,756528,572.820428
2024-09-11 00:00:00-04:00,571.2,572.41,561.0701,566.96,809242,565.444322
2024-09-12 00:00:00-04:00,565.0,568.97,563.9,568.27,739418,567.504504
2024-09-13 00:00:00-04:00,567.0,572.4553,564.53,569.91,638809,569.336758
2024-09-16 00:00:00-04:00,574.41,577.0,568.9901,572.92,597813,572.566893
2024-09-17 00:00:00-04:00,566.66,568.11,563.6001,567.01,739890,566.368994
2024-09-18 00:00:00-04:00,566.32,569.54,562.28,565.49,731817,565.699994
2024-09-19 00:00:00-04:00,566.47,567.525,562.1629,565.18,917669,564.878294
2024-09-20 00:00:00-04:00,563.08,573.5,562.94,571.92,3794353,571.2561
2024-09-23 00:00:00-04:00,571.5,581.75,570.82,580.51,884699,578.998399
2024-09-24 00:00:00-04:00,578.93,581.16,576.15,578.63,690123,578.512186
2024-09-25 00:00:00-04:00,581.56,583.75,576.8648,577.94,844517,578.821804
2024-09-26 00:00:00-04:00,575.0,582.53,574.44,577.4,746294,578.042162
2024-09-27 00:00:00-04:00,577.65,584.0734,575.33,582.36,848122,581.360357
2024-09-30 00:00:00-04:00,584.14,584.95,579.21,584.56,975501,583.56976
2024-10-01 00:00:00-04:00,586.12,611.49,581.91,605.86,2356212,602.148817
2024-10-02 00:00:00-04:00,604.94,610.0,601.4225,603.2,1192488,604.213085
2024-10-03 00:00:00-04:00,604.44,609.0,601.0001,605.82,856577,605.143461
2024-10-04 00:00:00-04:00,603.66,606.29,599.32,605.13,560051,604.063082
2024-10-07 00:00:00-04:00,607.0,611.59,604.0,605.54,1102382,606.430652
2024-10-08 00:00:00-04:00,607.22,610.7499,603.09,608.05,571794,607.273771
2024-10-09 00:00:00-04:00,606.71,607.14,603.02,605.11,543837,605.107251
2024-10-10 00:00:00-04:00,606.11,607.29,596.22,597.49,853770,599.265398
2024-10-11 00:00:00-04:00,600.58,604.55,600.0871,604.17,526025,602.75269
2024-10-14 00:00:00-04:00,606.0,611.99,603.7752,610.87,562291,609.166273
2024-10-15 00:00:00-04:00,612.5,614.62,603.72,605.0,849839,606.323293
2024-10-16 00:00:00-04:00,603.0,613.01,602.62,612.83,549404,610.503309
2024-10-17 00:00:00-04:00,612.83,614.4799,607.24,609.62,617493,609.849211
2024-10-18 00:00:00-04:00,611.39,613.3699,608.49,611.81,864086,611.406894
2024-10-21 00:00:00-04:00,615.64,618.95,611.36,614.61,1017480,614.137276
2024-10-22 00:00:00-04:00,606.9,608.34,574.0001,576.98,2259193,581.59969
2024-10-23 00:00:00-04:00,577.02,582.18,571.0,571.1,1402177,574.087728
2024-10-24 00:00:00-04:00,570.73,573.93,564.18,564.21,1102782,566.824044
2024-10-25 00:00:00-04:00,566.7,569.9799,561.1,562.29,1077563,563.349859
2024-10-28 00:00:00-04:00,563.0,563.155,554.495,555.17,1278667,556.864942
2024-10-29 00:00:00-04:00,552.8,553.4,546.41,546.8,1041740,548.685358
2024-10-30 00:00:00-04:00,546.9,551.26,543.2,545.94,1005163,546.691405
2024-10-31 00:00:00-04:00,547.04,551.6799,542.675,546.05,1245472,546.862146
2024-11-01 00:00:00-04:00,548.0,549.33,544.62,545.35,792756,546.075835
2024-11-04 00:00:00-05:00,545.7,548.81,540.41,543.1,827556,543.551964
2024-11-05 00:00:00-05:00,545.0,547.17,542.0,546.75,610142,545.370984
2024-11-06 00:00:00-05:00,561.4,561.4,540.0001,551.82,1751305,551.023001
2024-11-07 00:00:00-05:00,555.0,556.9999,549.67,551.84,818596,552.148586
2024-11-08 00:00:00-05:00,555.47,566.8099,554.72,564.56,1165834,564.043875
2024-11-11 00:00:00-05:00,570.22,576.1499,569.8,570.58,1171364,572.420041
2024-11-12 00:00:00-05:00,574.32,576.43,564.8,565.96,1133912,567.226355
2024-11-13 00:00:00-05:00,564.0,565.0,556.3301,557.73,1118648,558.665775
2024-11-14 00:00:00-05:00,561.35,561.35,533.785,538.99,1972732,540.728995
2024-11-15 00:00:00-05:00,537.87,542.54,531.4237,534.83,1757169,535.10991
2024-11-18 00:00:00-05:00,536.4,537.98,528.738,530.96,1298755,531.525116
2024-11-19 00:00:00-05:00,537.08,539.32,531.21,533.26,936050,533.790354
2024-11-20 00:00:00-05:00,534.18,535.23,529.2,534.73,994275,532.829816
2024-11-21 00:00:00-05:00,535.14,544.68,533.715,542.01,1321954,541.551041
2024-11-22 00:00:00-05:00,545.0,546.0,539.92,542.22,1311155,542.110203
2024-11-25 00:00:00-05:00,532.98,534.16,514.9,521.89,3613491,521.130365
2024-11-26 00:00:00-05:00,519.39,524.06,519.39,521.45,1345788,521.914589
2024-11-27 00:00:00-05:00,523.54,529.99,523.17,525.75,890394,526.648081
